TEDUHAN KASIH,MARISSA,899.233 MAR,KARYA SENI,-,-,575,9789670246222,-,-,-,-,-
TEH ART OF THE CHOCOLATIER,EWALD NOTTER,641.3 EWA,JOHN WILEY & SONS AUSTRALIA,CANADA,2011,407,-,-,-,-,-,-
TEKNIK DAN STRATEGI MEMBIMBING REMAJA BERBUDAYA POSITIF,ROBIAH K. HAMZAH,899 ROB,PTS,-,-,180,9789832311522,-,-,-,-,-
TEKNIK DAN STRATEGI MEMBIMBING REMAJA KEPIMPINAN,ROBIAH K. HAMZAH,499 ROB,PTS,-,-,152,9789832311881,-,-,-,-,-
TEKNIK MENDORONG PELAJAR BELAJAR,ROBERT F. MAGER,371.1 ROB,INSTITUSI TERJEMAHAN NEGARA MALAYSIA,-,-,124,9789830683423,-,-,-,-,-
TEKNIK MENGAJAR SEJARAH,HAZRI JAMIL,907 HAZ,PTS PUBLICATIONS & DISTRIBUTORS SDN BHD,-,-,228,9789831920749,-,-,-,-,-
TEKNIK MENINGKATKAN KUALITI DIRI PELAJAR,RAHMAN & AISHAH,499.28 RAH,PUSTAKA ILMI,-,-,205,9789830981611,-,-,-,-,-
TEKNIK-TEKNIK KEMAHIRAN BELAJAR,HAJI IDRIS BIN HAJI AHMAD,499.28 HAJ,MIND SKILL,-,-,54,-,-,-,-,-,-
TEKNIK-TEKNIK KEMAHIRAN BELAJAR,HAJI IDRIS BIN HAJI AHMAD,371.3 HAJ,MIND SKILL SERVICES,-,-,54,-,-,-,-,-,-
TEKNOLOGI HAARP YANG MENGUBAH CUACA,NORHAIDA RIZAL,170 NOR,ARENA EDUCATIONAL SUPPLY,-,2024,48,9789672369967,-,-,-,-,-
"TEKNOLOGI KESULTANAN MELAKA MEMBONGKAR KEAGUNGANNYA
BERDASARKAN CATATAN PORTUGIS",HASANUDDIN YUSOF,371.9 HAS,CINTAI PUBLICATION,NEGERI SEMBILAN,2017,324,9789671348444,-,-,-,-,-
TEKNOLOGI TELEKOMUNIKASI,KARISMA ARSHAD,621.38 KAR,PEP,-,-,46,9789837518087,-,-,-,-,-
TEKS EFEKTIF STPM MAKROEKONOMI,THENG KOCK LEING,657 THE,ILMU BAKTI,-,-,256,9789674548650,-,-,-,-,-
TELADAN RASULULLAH DI DALAM KEKELUARGAAN DAN RUMAHTANGGA,ABDUL WAHAB HAMUDAH,297 ABD,PUSTAKA ILMI,-,-,243,9789830980225,-,-,-,-,-
TEMASYA KE ALAM KUBUR,HASSAN NOOR,290 HAS,SYNERGY MEDIA,-,-,160,9789673717095,-,-,-,-,-
TENAGA ELEKTRIK,JAMILAH HASSAN,537 JAM,TIMES BOOKS INTERNATIONAL,-,-,31,9789812322241,-,-,-,-,-
TENAGA FOSIL,JASIMAN AHMAD,333 JAS,JADE GREEN,-,-,41,9789839293623,-,-,-,-,-
TENAGA SEMASA,JASIMAN AHMAD,333.1 JAS,JADE GREEN,-,-,43,9789839293630,-,-,-,-,-
"TENGGELAMNYA KOTA,MONUMEN DAN PULAU YANG ISTIMEWA",MOHD HADI HAJI AMIN,909 MOH,ABADA PUBLICATION,-,2024,64,9789672976516,-,-,-,-,-
TEORI KESATUAN KEWUJUDAN,MUHAMMAD AL MAHDI,499 MUH,ITNM,-,-,293,9789830686660,-,-,-,-,-
TEPUNG HABUK KAYU,KHADIJAH HASHIM,297 KHA,K PUBLICATIONS,-,-,36,9789838524605,-,-,-,-,-
TERAPI MASALAH HIDUP DENGAN SURAH AL-MULUK,MUHAMMAD MAKHDLORI,290 MUH,SYNERGY MEDIA,-,-,117,9789673717545,-,-,-,-,-
TERBENAMNYA PELABUHAN YANG TERAGUNG,MOHD HADI HAJI AMIN,930 MOH,ABADA PUBLICATION,-,2024,64,9789672976509,-,-,-,-,-
TERJEMAHAN AL-QURAN DALAM PELBAGAI PERSPEKTIF,MOHD SHUKRI HANAPI,289 MOH,UTUSAN PUBLICATIONS,-,-,250,9789676114136,-,-,-,-,-
TERKENA JERAT SENDIRI,NIR SHAH PUTRA,899.230 NIR,EDITION PLUS,-,-,96,9789675031120,-,-,-,-,-
TERLERAI DAN BERKECAI,CHINUA ACHEBE,823 CHI,INSTITUSI TERJEMAHAN NEGARA MALAYSIA,-,-,248,9789830685519,-,-,-,-,-
TERMINAL TIGA,OTHMAN PUTEH,899.233 OTH,DEWAN BAHASA DAN PUSTAKA,-,-,134,9789836267603,-,-,-,-,-
TEROKA ALAM DUNIA HALIMUNAN,NORALIZA,508 NOR,NILAM PUBLICATION SDN BHD,-,-,120,9789670098968,-,-,-,-,-
TERRY FOX AND OTHER OF ENDURANCE,ELIZABETH YEAK,823 ELI,LONGMAN,-,-,71,9789814085823,-,-,-,-,-
TERTUBUHNYA NEGARA HARAM ISRAEL,ZAINI REJAB,297.07 ZAI,PTS LITERA UTAMA,-,-,217,9789674081935,-,-,-,-,-
TESAURUS BAHASA MELAYU,ABDULLAH HASSAN AINON MOHD,499.23 ABD,PTS PUBLICATIONS,-,-,344,9799832311170,-,-,-,-,-
TESAURUS BAHASA MELAYU,AINON MOHD,499.23 AIN,PTS PUBLICATIONS,-,-,281,9799833376345,-,-,-,-,-
THE ADVENTURES OF TOM SAWYER,MARK TWAIN,428 MAR,COMPASS PUBLISHING,-,-,75,9781599662145,-,-,-,-,-
THE ADVENTURES OF TOM SAWYEZ,MARK TWAIN,428 MAR,LONGMAN,-,-,27,9780582419230,-,-,-,-,-
THE AMAZING DAYS OF ABBY HAYES,ANNE MAZER,820.8 ANN,SCHOLASTIC,-,-,133,078073004997,-,-,-,-,-
THE AMAZING POWER OF DOA,SYED AHMED HULUSI,290 SYE,SYNERGY MEDIA,-,-,179,9789673713585,-,-,-,-,-
"THE ANIMATOR'S SURVIVAL KIT: A MANUAL METHODS, PRINCIPLES AND FORMULAS FOR CLASSICAL, COMPUTER,
GAMES, STOP MOTION  AND INTERNET ANIMATORS",RICHARD WILLIAMS,604.24 RIC,"FARRAR, STRAUS AND GIROUX",-,2009,382,9780865478978,-,-,-,-,-
"THE ANIMATOR'S SURVIVAL KIT: A MANUAL OF METHODS, PRINCIPLES AND FORMULAS  FOR CLASSICAL, COMPUTER,
GAMES, STOP MOTION  AND INTERNET ANIMATORS",RICHARD WILLIAMS,604.24 RIC,"FARRAR, STRAUS AND GIROUX",-,2009,382,9780865478978,-,-,-,-,-
THE ANT BULLY,JUDY KATSCHKE,820.8 JUD,SCHOLASTIC,-,-,88,9780439856836,-,-,-,-,-
THE ANTBULLY,JUDY KATSCHKE,820.8 JUD,SCHOLASTIC,-,-,88,9780439856836,-,-,-,-,-
THE ARABIAN NIGHTS,KEN METHOLD,420 KEN,COMPASS PUBLISHING,-,-,75,9781599661964,-,-,-,-,-
THE ART 3D OF 3D COMPUTER ANIMATION AND EFFECTS,ISAAC KERLOW,604.24 ISA,JOHN WILEY & SONS,-,2009,499,9780470084908,-,-,-,-,-
THE ART OF 3D COMPUTER ANIMATION AND EFFECTS,ISAAC KERLOW,006 ISA,WILEY,CANADA,2009,499,X0044ZTDYR,-,-,-,-,-
THE ART OF 3D COMPUTER ANIMATON & EFFECTS,ISAAC KERLOW,604.24 ISA,JOHN WILEY & SONS,-,2009,499,9780470084908,-,-,-,-,-
THE ART OF BECOMING CONTENT CREATOR,KIONZ.C,004 KIO,PUTEH PRESS,-,2024,170,9789673697731,-,-,-,-,-
THE ART OF IMPACTFUL NETWORKING,SYAMSUL AMRI A RAZAK,302.2 SYA,PUTEH PRESS,-,2023,237,9789673697090,-,-,-,-,-
THE ART OF PROFESIONAL EMCEE,SHAHRIL SARAPUDIN,395 SHA,PUTEH PRESS,-,2023,167,9789673697137,-,-,-,-,-
THE ART OF THE CONFECTIONER,EWALD NOTTER,641.86,JOHN WILEY & SONS AUSTRALIA,CANADA,2012,367,-,-,-,-,-,-
THE ART OF THE CONFECTIONER SUGARWORK AND PASTILLAGE,JOE BROOKS,641.3 JOE,WILEY,-,2012,367,9780470398920,-,-,-,-,-
THE ART OF THE DESERT,ANN AMERNICK,641.8 -,JOHN WILEY,CANADA,2007,350,9780471443810,-,-,-,-,-
THE ART OF THINGKING CLEARLY,ROLF DOBELLI,153.420 ROL,PTS PUBLISHING HOUSE,-,2022,398,9789674817688,-,-,-,-,-
THE ART OF TIKTOK MARKETING,ALI IMRAN HAIZAD,658.8 ALI,PUTEH PRESS,-,2023,352,9789673697199,-,-,-,-,-
THE ASTONISHING LADDER AND OTHER STORIES,ENID BLYTON,820 ENI,AWARD PUBLICATIONS LIMITED,-,-,190,9781841350639,-,-,-,-,-
THE ATTACK OF THE SEA WITCH,CHRYSSA LYSS,823 CHR,CERDIK PUBLICATIONS,-,-,41,9789837021747,-,-,-,-,-
THE BAGTHORPES BAGTHORPES V. THE WORLD,HELEN CRESSWELL,820.8 HEL,OXFORD,-,-,277,9780192754028,-,-,-,-,-
THE BANANA ROBBER AND OTHER STORIES,ENID BLYTON,820 ENI,AWARD PUBLICATIONS LIMITED,-,-,191,9780861639144,-,-,-,-,-
THE BED THAT RAN AWAYAND OTHER STORIES,CAROLYN  KEENE,820 CAR,GROSSET & DUNLAP,-,-,188,9781841350097,-,-,-,-,-
THE BEST OF CHEF WAN A TASTE OF MALAYSIA,MARSHALL CAVANISH,Kelas MAR,MARSHALL CAVENDISH CUISINE,MALAYSIA,2011,273,9789814328432,-,-,-,-,-
THE BETRAYAL,FARHAN,823 FAR,PUSTAKA MAWAR 107,-,-,107,9789838754422,-,-,-,-,-
THE BLACK TELUK BELANGA,FARHAN,823 FAR,PUSTAKA MAWAR,-,-,107,9789838754439,-,-,-,-,-
THE BLUE EYED,FARHAN,823 FAR,PUSTAKA MAWAR,-,-,106,9789838754446,-,-,-,-,-
THE BLUE UMBRELLA,RUSKIN BOND,820.8 RUS,"RUPA, CO",-,-,86,9788171673407,-,-,-,-,-
THE BOOK OF BUNS,JANE MASON,641.8 -,RYLAND PETERS & SMALL,LONDON NEW YORK,2013,156,9781849754354,-,-,-,-,-
THE BORROWERS,MARY NORTON,820.8 MAR,PUFFIN,-,-,163,-,-,-,-,-,-
THE BRASS VERDICY,MICHAEL CONNELLY,820 DIC,-,-,-,605,-,-,-,-,-,-
THE BRAVE LITTLE PUPPY AND OTHER STORIES,ENID BLYTON,820 ENI,AWARD PUBLICATIONS LIMITED,-,-,192,9780861635917,-,-,-,-,-
THE BRAVE TOY SOLDIER AND OTHER STORIES,ENID BLYTON,820 ENI,AWARD PUBLICATIONS LIMITED,-,-,192,9780861638529,-,-,-,-,-
THE BUNGALOW MYSTERY,CAROLYN  KEENE,820 CAR,GROSSET & DUNLAP,-,-,180,9780448095035,-,-,-,-,-
THE BUTTERFLY LOVERS AND OTHER STORIES OF LOVE,ELIZABETH YEAK,823 ELI,LONGMNA,-,-,71,9789814085854,-,-,-,-,-
THE CAMBRIDGE ELEMENTARY MATHEMATICS TABLES,MILLER,511 MIL,FEDERAL PUBLICATIONS,-,-,48,9789679144772,-,-,-,-,-
THE CANTERVILLE GHOST,OSCAR WILDE,428 OSC,PENGUAIN PUBLISHING,-,-,61,9780582426917,-,-,-,-,-
THE CASE OF THE CREATIVE CRIME,CAROLYN KEENE,820 CAR,ALADDIN PAPERBACKS,-,-,147,076714004993,-,-,-,-,-
THE CASE OF THE DISAPPEARING LETTERS,KUMALA VELU,423 KUM,PUSTAKA CITA TINGGI,-,-,60,9789830235004,-,-,-,-,-
THE CASE OF THE FAKE LABELS,KUMALA VELU,423 KUM,PUSTAKA CITA TINGGI,-,-,60,9789830234991,-,-,-,-,-
THE CASE OF THE LEAN MEAT,KUMALA VELU,423 KUM,PUSTAKA CITA TINGGI,-,-,60,9789830234946,-,-,-,-,-
THE CASE OF THE LOST SONG,CAROLYN KEENE,820 CAR,ALADDIN PAPERBACKS,-,-,147,076714004993,-,-,-,-,-
THE CASE OF THE LOST SONG,CAROLYN KEENE,820 CAR,ALADDIN PAPERBACKS,-,-,147,076714004993,-,-,-,-,-
THE CASE OF THE MISSING WALLET,KUMALA VELU,423 KUM,PUSTAKA CINTA TINGGI,-,-,60,9789830234960,-,-,-,-,-
THE CASE OF THE TUITION CENTRE,KUMALA VELU,423 KUM,PUSTAKA CINTI TINGGI,-,-,60,9789830234984,-,-,-,-,-
THE CAT WITH A FEATHERY TAIL,ENID BLYTON,820 ENI,-,-,2008,192,9780861636068,-,-,-,-,-
THE CHAIN,ADRIAN MCKINTY,820.8 ADR,MULHOLLAND BOOKS,AMERIKA,2019,397,9780316463256,-,-,-,-,-
"THE CHATGPT MILLIONAIRE: MAKING MONEY ONLINE HAS NEVER BEEN THIS
WAY",NEIL DAGGER,332 NEI,ACEPREMIER.COM SDN BHD,-,2023,103,9789670015255,-,-,-,-,-
THE CHILDRENS BOOK OF QUESTIONS & ANSWERS,DHINGRA,823 DHI,DHINGRA PUBLISHING HOUSE,-,-,295,9788174906601,-,-,-,-,-
THE CHINESE MALAYSIAN CONTRIBUTION,TAN TEONG JIN,420 -,CENTRE FOR MALAYSIA CHINESE STUDIES,MALAYSIA,2005,342,-,-,-,-,-,-
THE CHOCOLATE-COVERED CONTEST,CAROLYN KEENE,820 CAR,ALADDIN PAPERBACKS,-,-,147,076714004993,-,-,-,-,-
THE CHRISTMAS TOY FACTORY,GERONIMO STILTON,428 GER,SCHOLASTIC,-,-,95,9780439841184,-,-,-,-,-
THE CHRONICLES OF NARNIA: THE LAST BATTLE,C.S LEWIS,820 C.S,DEWAN BAHASA DAN PUSTAKA,-,-,310,9780007115549,-,-,-,-,-
THE CITY OF MEMORIES KOTA KENANGAN,SUHAIMI HAJI MUHAMMAD,899.233 SUH,INSTITUSI TERJEMAHAN NEGARA MALAYSIA,-,-,166,9789830685373,-,-,-,-,-
THE CLUE IN THE CROSSWORD CIPHER,CAROLYN  KEENE,820 CAR,GROSSET & DUNLAP,-,-,177,9780448095448,-,-,-,-,-
THE CLUE IN THE JEWEL BOX,CAROLYN  KEENE,820 CAR,GROSSET & DUNLAP,-,-,181,9780448095202,-,-,-,-,-
THE CLUE IN THE JEWEL BOX,CAROLYN  KEENE,820 CAR,GROSSET & DUNLAP,-,-,181,9780448095516,-,-,-,-,-
THE CLUE IN THE OLD STAGECOACH,CAROLYN  KEENE,428 CAR,GROSSET & DUNLAP,-,-,180,9780448095370,-,-,-,-,-
THE CLUE OF THE BLACK KEYS,CAROLYN  KEENE,820 CAR,GROSSET & DUNLAP,-,-,174,9780448095288,-,-,-,-,-
THE CLUE OF THE BROKEN LOCKET,CAROLYN  KEENE,820 CAR,GROSSET & DUNLAP,-,-,178,9780448095127,-,-,-,-,-
THE CLUE OF THE DANCING PUPPET,CAROLYN  KEENE,820 CAR,GROSSET & DUNLAP,-,-,177,9780448095394,-,-,-,-,-
THE CLUE OF THE LEANING CHIMNEY,CAROLYN  KEENE,820 CAR,GROSSET & DUNLAP,-,-,176,9780448095264,-,-,-,-,-
THE CLUE OF THE TAPPING HEELS,CAROLYN  KEENE,820 CAR,GROSSET & DUNLAP,-,-,176,9780448095165,-,-,-,-,-
THE CLUE OF THE VELVET MASK,CAROLYN  KEENE,820 CAR,GROSSET & DUNLAP,-,-,177,9780448095424,-,-,-,-,-
THE CLUE OF THE WHISTING BAGPIPES,CAROLYN  KEENE,820 CAR,GROSSET & DUNLAP,-,-,177,9780448095417,-,-,-,-,-
THE CLUE THE CRUMBLING WALL,CAROLYN  KEENE,820 CAR,GROSSET & DUNLAP,-,-,181,9780448095226,-,-,-,-,-
THE CLUE THE GOLD DOUBLOONS,CAROLYN KEENE,820 CAR,ALADDIN PAPERBACKS,-,-,147,076714004993,-,-,-,-,-
THE CLUE THE OLD ALBUM,CAROLYN  KEENE,820 CAR,GROSSET & DUNLAP,-,-,180,9780448095240,-,-,-,-,-
"THE COMPLETE GUIDE TO WRITING A SUCCESSFULL SCREENPLAY: EVERYTHING
YOU NEED TO KNOW TO WRITE AND SELL A WINNING  SCRIPT.",MELISSA SAMAROO,791 MEL,ATLANTIC PUBLISHING,-,2015,143,9781601386076,-,-,-,-,-
"THE CONSULTANTS GUIDE TO
RESULTS-DRIVEN BUSINESS PROPOSALS",JACK PHILLIPS,658.4 JAC,THE MCGRAW HILL COMPANIES,USA,2010,322,9780071638807,-,-,-,-,-
THE COUPLES KITCHEN,GILIAN HASLAM,641.5 GIL,RYLAND PETERS & SMALL,LONDON,2014,208,9781849754996,-,-,-,-,-
THE CROOKED BANISTER,CAROLYN  KEENE,641.5 CAR,GROSSET & DUNLAP,-,-,179,9780448095486,-,-,-,-,-
THE CROWN,M. R. JAMES,428 M.,LONGMAN,-,-,27,9780582505414,-,-,-,-,-
THE CURSE,ERYN,823 ERY,PUSTAKA MURNI,-,-,127,9789830783420,-,-,-,-,-
THE CURSE OF SANG KELEMBAI,-,823 -,KUALITI BOOKS SDN BHD,-,-,16,9789831650493,-,-,-,-,-
THE CURSE OF THE MUMMY,JOYCE HANNAM,828 JOY,OXFORD,-,-,44,9780194243421,-,-,-,-,-
THE CURSE OF THE SEA WITCH,CHRYSSA LYSS,823 CHR,CERDIK PUBLICATIONS,-,-,40,9789837021730,-,-,-,-,-
THE DAGGER AND WINGS AND OTHER FATHER BROWN STORIES,G.K CHESTERTON,828 G.K,OXFORD,-,-,74,9780195854947,-,-,-,-,-
THE DEATH OF KAREN SILWOOD,JOYCE HANNAM,828 JOY,OXFORD BOOKWORMS LIBRARY,-,-,56,9780194229708,-,-,-,-,-
THE DIAMOND RING,FARHAN,823 FAR,PUSTAKA MAWAR,-,-,103,9789838754453,-,-,-,-,-
THE DOOMSDAY ULTIMATUM,JAMES FOLLET,828 JAM,RANDOMHOUSE,-,-,256,9780091885458,-,-,-,-,-
THE DOUBLE BASS MYSTERY,JEREMY HARMER,428 JER,CAMBRIDGE,-,-,48,9780521656139,-,-,-,-,-
THE DRAGON OF LONELY ISLAND,REBECCA RUPP,820.8 REB,SCHOLASTIC,-,-,160,9780439853378,-,-,-,-,-
THE EARL FROM 5,CYNTHIA DOSS,428 CYN,EASTVIEW,-,-,76,9789676014801,-,-,-,-,-
THE EDGE OF ANYTHING,NORA SHALAWAY CARPENTER,820.8 NOR,RUNNING PRESS TEENS,UNITED STATES OF AMERICA,2020,372,9780762467556,-,-,-,-,-
THE EGYPT GAME,ZILPHA KEATLEY,828 ZIL,YEARLING NEWBERY,-,-,215,071009005990,-,-,-,-,-
THE E-MAIL MYSTERY,CAROLYN KEENE,820 CAR,ALADDIN PAPERBACKS,-,-,147,076714004993,-,-,-,-,-
THE EMPERORS NEW CLOTHES,HANS CHRISTIAN ANDERSEN,420 HAN,COMPASS PUBLISHING,-,-,53,9781599661759,-,-,-,-,-
THE ENCHANTED BELLOWS AND OTHER STORIES,ENID BLYTON,820 ENI,AWARD PUBLICATIONS LIMITED,-,-,187,9780861638512,-,-,-,-,-
THE ENCHANTED SHOES AND OTHER STORIES,ENID BLYTON,428 ENI,AWARD PUBLICATIONS LIMITED,-,-,190,9781841351384,-,-,-,-,-
THE ENCHANTED TABLE AND OTHER STORIES,CAROLYN  KEENE,820 CAR,GROSSET & DUNLAP,-,-,190,9780861639281,-,-,-,-,-
THE ENGLISH LANGUAGE MATURE LEANERS,MILON NANDY,425 MIL,EDDIPLEX SDN BHD,-,-,408,9789838805452,-,-,-,-,-
THE ESSENTIAL GUIDE TO SCIENCE & MATHEMATICS,OH TEIK BIN,510 OH,SHINANO,-,-,281,031141958851,-,-,-,-,-
THE ESSENTIAL OF COMPUTER ORGANIZATION AND ARCHITECTURE,LINDA NULL,621.3 LIN,JONES & BARTLETT LEARNING,USA,2023,616,9781284259438,-,-,-,-,-
THE ESSENTIALS OF GOOD WRITING,MILON NANDY,002 MIL,WARISAN EURASIA BOOKS,MALAYSIA,2010,231,9789834454258,-,-,-,-,-
THE FLOPPERTY BIRD AND OTHER STORIES,ENID BLYTON,820 ENI,AWARD PUBLICATIONS LIMITES,-,-,188,9781841351377,-,-,-,-,-
THE FLYING SAUCER MYSTERY,CAROLYN  KEENE,820 CAR,GROSSET & DUNLAP,-,-,167,9780448436890,-,-,-,-,-
THE FORGETFUL MAGICIAN,CHRYYSA LYSS,823 CHR,CERDIK PUBLICATIONS,-,-,40,9789837021754,-,-,-,-,-
THE FORGOTTEN DOOR,ALEXANDER KEY,820.8 ALE,APPLE PAPERBACKS,-,-,140,078073004508,-,-,-,-,-
THE FUNDAMENTAL PRINCIPLES OF FINANCE,ROBERT IRONS,658 ROB,ROUTLEDGE,NEW YORK,2020,210,9781138477520,-,-,-,-,-
THE FUNDAMENTAL TECHNIQUES OF CLASSIC BREAD BAKING,"STEWART, TABORI",641.8,ABRAMS,NEW YORK,2011,351,-,-,-,-,-,-
THE GHOST OF BLACKWOOD HALL,CAROLYN  KEENE,820 CAR,GROSSET & DUNLAP,-,-,178,9780448095257,-,-,-,-,-
THE GIRL WITH NO NAME,LISA REGAN,820.8 LIS,HACHETTE BOOK GROUP,AMERIKA,2021,305,9781538701225,-,-,-,-,-
THE GLOBAL MACRO ECONOMY AND FINANCE,PALGRAVE MACMILLAN,330 PAL,PALGRAVE MACMILLAN,UK,2012,338,9781137034243,-,-,-,-,-
THE GOBLIN'S TOYSHOP AND OTHER STORIES,ENID BLYTON,820 ENI,AWARD PUBLICATIONS LIMITED,-,-,192,9780861636938,-,-,-,-,-
THE GOLDEN CHALICE,COLLIN WEISS,828 COL,EASTVIEW,-,-,70,9789676018809,-,-,-,-,-
THE GOLDEN ROAD,L.M MONTGOMERY,820.8 L.M,BANTAM BOOKS,-,-,213,076783003996,-,-,-,-,-
THE GOLDEN TRIANGLE EDISI BAHASA MELAYU,MAURICE LEBLANC,843 MAU,PENERBIT X,-,2024,412,9789673697540,-,-,-,-,-
THE GREAT GATSBY,F. SCOTT FITZGERALD,828 F.,OXFORD,-,-,105,9780195863154,-,-,-,-,-
THE GREEK SYMBOL MYSTERY,CAROLYN  KEENE,820 CAR,GROSSET & DUNLAP,-,-,171,9780448436913,-,-,-,-,-
THE GUGKOO IN THE CLOCK AND OTHER STORIES,ENID BLYTON,820 ENI,AWARD PUBLICATIONS LIMITED,-,-,191,9780861637232,-,-,-,-,-
THE HALLOWEEN GOBLIN,TRACEY WEST,820.8 TRA,SCHOLASTIC,-,-,84,078073003990,-,-,-,-,-
THE HARDY BOYS,FRANKLIN W.DIXON,820.8 FRA,ALADDIN PAPERBACKS,-,-,151,076714004993,-,-,-,-,-
THE HAUNTED BOOMERANG,JANET HARMER,499.23 JAN,MC GRAW HILL,-,-,96,9789833219742,-,-,-,-,-
THE HAUNTED BRIDGE,CAROLYN  KEENE,820 CAR,GROSSET & DUNLAP,-,-,180,9780448095158,-,-,-,-,-
THE HAUNTED CAVE,-,823 -,KUALITI BOOKS SDN BHD,-,-,16,9789831650486,-,-,-,-,-
THE HIDDEN STAIRCASE,CAROLYN  KEENE,820 CAR,GROSSET & DUNLAP,-,-,182,9780448095028,-,-,-,-,-
THE HIDDEN WINDOW MYSTERY,CAROLYN  KEENE,820 CAR,GROSSET & DUNLAP,-,-,179,9780448095349,-,-,-,-,-
THE HIDDEN WINDOW MYSTERY,CAROLYN  KEENE,820 CAR,GROSSET & DUNLAP,-,-,179,9780448095073,-,-,-,-,-
THE HOUNTED SHOWBOAT,CAROLYN  KEENE,820 CAR,GROSSET & DUNLAP,-,-,184,9780448095394,-,-,-,-,-
THE HOUSE BY THE SEA,PATRICIA ASPINALL,428 PAT,CAMBRIDGE,-,-,63,9780521775786,-,-,-,-,-
THE HOUSE WITH SIX LEGS AND OTHER STORIES,ENID BLYTON,820 ENI,AWARD PUBLICATIONS LIMITED,-,-,191,9781841350103,-,-,-,-,-
THE HUNCHBACK OF NOTRE DAME,VICTOR HUGO,420 VIC,LONGMAN,-,-,60,9781405855501,-,-,-,-,-
THE ICE-CREAM DRAGON,SANTHING GOVINDAN,828 SAN,-,-,-,94,9788129101761,-,-,-,-,-
THE ILLUSION OF LIFE DISNEY ANIMATION,FRANK THOMAS,741.6 FRA,WALT DISNEY PRODUCTION,-,1995,575,9780786860708,-,-,-,-,-
THE ILLUSION OF LIFE: DISNEY ANIMATION,FRANK THOMAS,741.6 FRA,WALT DISNEY PRODUCTION,-,1995,575,9780786860708,-,-,-,-,-
THE IMPORTANCE OF BEING EARNEST,OSCAR WILDE,420 OSC,COMPASS PUBLISHING,-,-,110,9781599663043,-,-,-,-,-
THE INTELLIGENT CURRICULUM,DAVID LAZEAR,428 DAV,ZEPHYR PRESS,-,-,208,9789833710546,-,-,-,-,-
THE INVISIBLE INTRUDER,CAROLYN  KEENE,820 CAR,GROSSET & DUNLAP,-,-,175,9780448095462,-,-,-,-,-
THE IRONING MAN,COLIN CAMPBELL,428 COL,CAMBRIDGE,-,-,63,9780521666213,-,-,-,-,-
THE ISLAMIC WORLDVIEW,MD YOUSUF ALI,290 MD,INTERNATIONAL INSTITUTE OF ISLAMIC,MALAYSIA,2017,359,9789671562277,-,-,-,-,-
THE JEWEL KINGDOM,JAHNNA N. MALCOLM,820.8 JAH,SCHOLASTIC,-,-,65,078073003990,-,-,-,-,-
THE JUNGLE BOOK,RUDYARD KIPLING,420 RUD,COMPASS PUBLISHING,-,-,47,9781599661872,-,-,-,-,-
THE JUNGLE BOOK,RUDYARD KIPLING,428 RUD,COMPASS PUBLISHING,-,-,47,9781599661872,-,-,-,-,-
THE JUNGLE BOOK,RUDYARD KIPLING,828 RUD,OXFORD,-,-,73,9780195852936,-,-,-,-,-
THE KACHINA DOLL MYSTERY,CAROLYN  KEENE,820 CAR,GROSSET & DUNLAP,-,-,18,9780448436937,-,-,-,-,-
THE KEY IN THE SATIN POCKET,CAROLYN KEENE,820 CAR,ALADDIN PAPERBACKS,-,-,147,076714004993,-,-,-,-,-
THE LAHTI FILE,RICHARD MACANDREW,428 RIC,CAMBRIDGE,-,-,64,9780521750820,-,-,-,-,-
THE LAST BATTLE,C.S LEWIS,820 C.S,NARNIA,-,-,223,9780007115549,-,-,-,-,-
THE LAST FAREWELL,ERYN,823 ERY,PUSTAKA MURNI,-,-,104,9789830783437,-,-,-,-,-
THE LEGEND OF THE EMERALD LADY,CAROLYN KEENE,820 CAR,ALADDIN PAPERBACKS,-,-,147,076714004993,-,-,-,-,-
THE LITTLE BOOKROOM,ELEANOOR FARJEON,820.8 ELE,OXFORD,-,-,298,9780192719478,-,-,-,-,-
THE LITTLE BROWN BEAR AND OTHER STORIES,ENID BLYTON,820 ENI,AWARD PUBLICATIONS LIMITED,-,-,192,9780861631445,-,-,-,-,-
THE LITTLE BROWNIE HOUSE AND OTHER STORIES,ENID BLYTON,820 ENI,AWARD PUBLICATIONS LIMITED,-,-,192,9780861636112,-,-,-,-,-
THE LITTLE GREY MEN B.B,PETER WEEVERS,820.8 PET,OXFORD,-,-,245,9780192719461,-,-,-,-,-
THE LITTLE LOST HEN AND OTHER STORIES,ENID BLYTON,820 ENI,AWARD PUBLICATIONS LIMITED,-,-,192,9780861636082,-,-,-,-,-
THE LITTLE OLD TOYMAKER AND OTHER STORIES,CAROLYN  KEENE,820 CAR,GROSSET & DUNLAP,-,-,187,9780861639304,-,-,-,-,-
THE LITTLE TOY ENGINE AND STORIES,ENID BLYTON,820 ENI,AWARD PUBLICATIONS LIMITED,-,-,192,9780861634101,-,-,-,-,-
THE LITTLE WHALE,CHRYSSA LYSS,823 CHR,CERDIK PUBLICATIONS,-,-,40,9789837021723,-,-,-,-,-
THE LITTLE WHITE RABBIT AND OTHER STORIES,ENID BLYTON,820 ENI,AWARD PUBLICATIONS LIMITED,-,-,192,9780861638536,-,-,-,-,-
THE LITTLE WITH DOG AND OTHER STORIES,ENID BLYTON,820 ENI,AWARD PUBLICATIONS,-,-,188,9780861638543,-,-,-,-,-
THE LOST LAGOON,ERYN,823 ERY,PUSTAKA MURNOI,-,-,115,9789830783444,-,-,-,-,-
THE LUNCHBOX BOOK,PENGUIN RANDOM HOUSE,641.5 PEN,MONIKA SCHLITZER,LONDON,-,159,9780241248386,-,-,-,-,-
THE MAD SCIENTIST AND OTHER STORIES,RAMENDRA KUMAR,820.8 RAM,"RUPA, CO",-,-,68,9788129102522,-,-,-,-,-
THE MAGIC CLOCK,ENID BLYTON,820 ENI,AWARD PUBLICATIONS LIMITED,-,-,192,9780861636105,-,-,-,-,-
THE MAGIC MIROR,ENID BLYTON,820 ENI,AWARD PUBLICATIONS LIMITED,-,-,190,9780861639311,-,-,-,-,-
THE MAGIC WATERING CAN AND OTHER STORIES,ENID BLYTON,820 ENI,AWARD PUBLICATIONS LIMITED,-,-,192,9781841350622,-,-,-,-,-
THE MALAYAN TAPIR,MOHD MOMIN KHAN,639.100 MOH,ITBN,KUALA LUMPUR,2014,73,9789674303631,-,-,-,-,-
THE MALAYSIAN CURRENCY CRISIS,MAHATHIR MOHAMAD,332.4 MAH,PELANDUK,-,-,61,9789679787566,-,-,-,-,-
THE MAN FROM NOWHERE,BERNARD SMITH,428 BER,CAMBRIDGE,-,-,48,9780521783613,-,-,-,-,-
THE MAN IN THE IRON MASK,CAROL KRUEGER,820.8 CAR,SAKATA PROFOUND TECHNOLOGIES SDN BHD,-,-,31,9780733972508,-,-,-,-,-
THE MEDIA,JEREMY WALLIS,302.2 JER,HEINEMANN LIBRARY,-,-,63,9780431094816,-,-,-,-,-
THE MENU,DAVID BARRISH,642,PEARSON,UNITED STATE OF AMERICA,2013,287,-,-,-,-,-,-
THE MERCHANT OF VENICE,WILLIAM SHAKESPEARE,420 WIL,COMPASS PUBLISHING,-,-,67,9781599662268,-,-,-,-,-
THE MESSAGE IN THE HOLLOW OAK,CAROLYN  KEENE,820 CAR,GROSSET & DUNLAP,-,-,181,9780448095127,-,-,-,-,-
THE MICRO WORLD OF ATOMS AND MOLECULES,PRECIOUS MCKENZIE,576 PRE,CAPSTONE GLOBAL LIBRARY LIMITED,-,2024,32,9781398238640,-,-,-,-,-
THE MICRO WORLD OF VIRUSES AND BACTERIA,MELISSA MAYER,576 MEL,CAPSTONE GLOBAL LIBARARY LIMITED,-,2023,32,9781398238718,-,-,-,-,-
THE MILL ON THE FLOSS,GEORGE ELIOT,428 GEO,OXFORD,-,-,73,9780195863031,-,-,-,-,-
THE MOON'S EMBRACE,ERYN,823 ERY,PUSTAKA MURNI,-,-,111,9789830783451,-,-,-,-,-
THE MOONSTONE CASTLE MYSTERY,CAROLYN  KEENE,820 CAR,GROSSET & DUNLAP,-,-,178,9780448095400,-,-,-,-,-
THE MOONSTONE CASTLE MYSTERY,CAROLYN  KEENE,820 CAR,GROSSET & DUNLAP,-,-,180,9780448095554,-,-,-,-,-
THE MU'ADHDHIN,ABDUL BASIT AHMAD,297.6309 ABD,DARUSSALAM,-,2004,48,9789960861166,-,-,-,-,-
THE MUSIC BOX 2: CYPRIAN'S SECRET,CARBONE,741.6 CAR,CAPSTONE GLOBAL LIBRARY LTD,-,2024,59,9781398250970,-,-,-,-,-
THE MUSIC FESTIVAL MYSTERY,CAROLYN KEENE,820 CAR,ALADDIN PAPERBACKS,-,-,147,076714004993,-,-,-,-,-
THE MYSTERIES COLLECTION THREE EXCITING STORIES IN ONE,ENID BLYTON,820.8 ENI,EGMONT,-,-,510,9780603560750,-,-,-,-,-
THE MYSTERIOUS ISLAND,FARHAN,823 FAR,PUSTAKA MAWAR,-,-,127,9789838754460,-,-,-,-,-
THE MYSTERIOUS MANNEQUIN,CAROLYN  KEENE,820 CAR,GROSSET & DUNLAP,-,-,178,9780448095479,-,-,-,-,-
THE MYSTERY AT LILAC INN,CAROLYN  KEENE,820 CAR,GROSSET & DUNLAP,-,-,180,9780448095042,-,-,-,-,-
THE MYSTERY IN TORNADO ALLEY,CAROLYN KEENE,820 CAR,ALADDIN PAPERBACKS,-,-,147,076714004993,-,-,-,-,-
THE MYSTERY OF THE 99 STEOPS,CAROLYN  KEENE,820 CAR,GROSSET & DUNLAP,-,-,176,9780448095523,-,-,-,-,-
THE MYSTERY OF THE BUBBLING RIVER,KUMALA VELU,423 KUM,PUSTAKA CITA TINGGI,-,-,52,9789830234953,-,-,-,-,-
THE MYSTERY OF THE FIRE DRAGON,CAROLYN  KEENE,820 CAR,GROSSET & DUNLAP,-,-,182,9780448095387,-,-,-,-,-
THE MYSTERY OF THE IVORY CHARM,CAROLYN  KEENE,820 CAR,GROSSET & DUNLAP,-,-,179,9780448095134,-,-,-,-,-
THE MYSTERY OF THE IVORY CHARM,CAROLYN  KEENE,820 CAR,GROSSET & DUNLAP,-,-,180,9780448095011,-,-,-,-,-
THE MYSTERY OF THE MASSING BABIES,KUMALA VELU,423 KUM,PUSTAKA CITA TINGGI,-,-,60,9789830234977,-,-,-,-,-
THE MYSTERY OF THE MOTHER WOLF,CAROLYN KEENE,820.8 CAR,ALADDIN PAPERBACKS,-,-,146,076714004993,-,-,-,-,-
THE MYSTERY OF THE SHINY COINS,KUMALA VELU,423 KUM,PUSTAKA CITA TINGGI,-,-,60,9789830235011,-,-,-,-,-
THE MYTH OF AQUALASIA,CHRYSSA LYSS,823 CHR,CERDIK PUBLICATIONS,-,-,40,9789837021679,-,-,-,-,-
THE NATIONAL PARK COLLECTION,-,,-,-,-,-,-,-,-,-,-,-
THE NATIONAL'S TRUSTWORTHY MAN,ABDUL BASIT AHMAD,297.09 ABD,DARUSSALAM,-,2004,48,9789960861159,-,-,-,-,-
THE NATURALLY CLEAN HOME,KARYN SIEGEL-MAIER,648 KAR,-,US,1999,169,9781580171946,-,-,-,-,-
THE NEW BOOK OF POPULAR SCIENCE,THE,500 THE,GROLIER,-,-,498,-,-,-,-,-,-
THE NEW BOOK OF POPULAR SCIENCE,GROLIER DANBURY,500 GRO,GROLIER,FILIPINA,1979,136,-,-,-,-,-,-
THE NEW BOOKS OF POPULAR SCIENCE,THE,500 THE,SCHOLASTIC,-,-,136,-,-,-,-,-,-
THE OF WAKAF,HASANUDDIN YUSOF,371.9 HAS,CINTAI PUBLICATION,NEGERI SEMBILAN,2017,212,9789671348437,-,-,-,-,-
THE PALACE OF MYSTERIES,ZAHARUDIN PILUS,499 ZAH,UTUSAN PUBLICATIONS,-,-,79,9789676111067,-,-,-,-,-
THE PASAI CHRONICLE,RUSSELL JONER,899.232 RUS,ITBM,-,-,189,-,-,-,-,-,-
THE PEARL,JOHN STEINBECK,420.81 JOH,KOMPAS PUBLISHING,-,-,87,9789679522808,-,-,-,-,-
THE PEARL,JOHN STEINBECK,420.81 JOH,KOMPAS PUBLISHING,-,-,87,9839679522817,-,-,-,-,-
THE PEPPERMINT PIG,NINA BAWDEN,820.8 NIN,PUFFIN,-,-,173,-,-,-,-,-,-
THE PHANTOM OF PINE HILL,CAROLYN  KEENE,820 CAR,GROSSET & DUNLAP,-,-,176,9780448095424,-,-,-,-,-
THE PHANTOM SHIP,CHRYSSA LYSS,823 CHR,CERDIK PUBLICATIONS,-,-,40,9789837021761,-,-,-,-,-
THE PIED PIPER,ROBERT BROWNING,820.8 ROB,SCHOLASTIC,-,-,78,078073003990,-,-,-,-,-
THE PLANT KINGDOM,LENA ABDULLAH,580 LEN,JADE GREEN PUBLICATIONS,-,-,70,9789831980552,-,-,-,-,-
THE POWER OF AL-FATIHAH,MUHAMMAD MAKHDLORI,290 MUH,SYNERGY MEDIA,-,-,128,9789673717552,-,-,-,-,-
THE POWER OF BUKIT MELAKA,SITI EIASAH ABD RASHID,499.23 SIT,UTUSAN PUBLICATIONS,-,-,79,9789676111050,-,-,-,-,-
THE PRINCESS OF GUNUNG LEDANG,-,823 -,KUALITI BOOKS SDN BHD,-,-,16,9789831650462,-,-,-,-,-
THE PRINCIPLER OF BANKING,MOORAD CHOUDHRY,650.100 MOO,WILEY,-,-,886,9780470825211,-,-,-,-,-
THE PROFESSIONAL CHEF NINTH EDITION,THE CULINARY INSTITUTE,641.5,WILEY,United States of America,2011,1212,9780470421352,-,-,-,-,-
THE PROFESSIONAL PASTRY CHEF,BO FRIBERG,641.8 BO,JOHN WILEY,CANADA,2002,1020,9780471359258,-,-,-,-,-
THE QUEEN OF TULASIA'S FREEDOM,CHRYSSA LYSS,823 CHR,CERDIK PUBLICATIONS,-,-,40,9789837021716,-,-,-,-,-
THE QUEENS ENGLISH AND HOW TO USE IT,BERNARD C.LAMB,428 BER,ADVANTAGE QQUEST PUBLICATION EDITION,PETALING JAYA,2013,256,9789670484389,-,-,-,-,-
THE QUEST OF THE MISSING MAP,CAROLYN  KEENE,820 CAR,GROSSET & DUNLAP,-,-,178,9780448095196,-,-,-,-,-
THE RAGAMUFFIN MYSTERY,ENID BLYTON,820.8 ENI,AWARD PUBLICATIONS,-,-,198,9781841351704,-,-,-,-,-
THE RAILWAY CHILDREN,EDITH NESBIT,420 EDI,COMPASS PUBLISHING,-,-,74,9781599662114,-,-,-,-,-
THE RAT-A-TAT MYSTERY,ERIC ROWE,820.8 ERI,AWARD PUBLICATIONS LIMITED,-,-,219,9781841351728,-,-,-,-,-
THE RECIPE CLUB,ANDREAISRAEL & NANGY GARFINKEL,641.3 AND,POLHEMUS PRESS,-,2009,363,9780982349205,-,-,-,-,-
THE RED HOT CHILLI SOUCE BOOK,DAN MAY,641 DAN,RYLANDS PETER & SMALL,NEW YORK,2013.,159,9781849754361,-,-,-,-,-
THE RED PONY,JOHN STEINBECK,428 JOH,LONGMAN,-,-,69,9780582434738,-,-,-,-,-
THE RESOURCEFUL ENGLISH TEACHER,JON CHANDLER,371 JON,PROFESSIONAL PERSPECTIVES,-,-,94,9788176499279,-,-,-,-,-
THE RESTAURANT,JOHN R. WALKER,647.9 JOH,"JOHN WILEY&SONS,INC",CANADA,2008,493,9780471740575,-,-,-,-,-
THE RETURN,K.S MANIAM,428 K.S,SKOOB,-,-,192,9789834038205,-,-,-,-,-
THE RILLOBY FAIR MYSTERY,ENID BLYTON,820.8 ENI,AWARD PUBLICATIONS,-,-,283,9781841351711,-,-,-,-,-
THE RING O' BELLS MYSTERY,ENID BLYTON,820.8 ENI,AWARD PUBLICATIONS,-,-,275,9781841351742,-,-,-,-,-
THE RINGMASTERS SECRET,CAROLYN  KEENE,820 CAR,GROSSET & DUNLAP,-,-,178,9780448095318,-,-,-,-,-
THE RINGMASTERS SECRET,CAROLYN  KEENE,820 CAR,GROSSET & DUNLAP,-,-,179,9780448095325,-,-,-,-,-
THE ROBOT BUILDERS BONANZA,GORDON MC COMB,600 GOR,MC GRAW HILL,-,-,753,639785319450,-,-,-,-,-
THE ROYAL DIARIES CLEOPATRA VII,KRISTIANA GREGORY,820.8 KRI,SCHOLASTIC,-,-,221,9780439827942,-,-,-,-,-
THE RUPA BOOK OF GREAT ANIMAL STORIES,RUSKIN BOND,820.8 RUS,RUPA.CO,-,-,205,9788129102256,-,-,-,-,-
THE RUPA BOOK OF GREAT SUSPENSE STORIES,RUSKIN BOND,820.8 RUS,"RUPA, CO",-,-,246,9788129101785,-,-,-,-,-
THE RUPA BOOK OF NIGHTMARE TALES,RUSKIN BOND,820.8 RUS,"PURA,CO",-,-,191,9788129106070,-,-,-,-,-
THE RUPA BOOK OF RUSKIN BONDS,RUSKIN BOND,820.8 RUS,"RUPA,CO",-,-,135,9788129101440,-,-,-,-,-
THE RUPA BOOK OF SCARY STORIES,RUSKIN BOND,820.8 RUS,"RUPA, CO",-,-,175,9788129103895,-,-,-,-,-
THE RUPA BOOK OF TRAVELLERS TALES,RUSKIN BOND,820.8 RUS,"RUPA,CO",-,-,198,9788129106063,-,-,-,-,-
THE RUPA BOOK OF TRUE TALES OF MYSTERY AND ADVENTURE,RUSKIN BOND,820.8 RUS,"RUPA, CO",-,-,236,9788129102416,-,-,-,-,-
THE RUPA LAUGHTER OMNIBUS,RUSKIN BOND,820.8 RUS,"RUPA,CO",-,-,177,9788129106087,-,-,-,-,-
THE SAMURAI AND HIS DAUGHTER,CHOO TECK SENG,428 CHO,EXPRESS EDUCATION,-,-,56,9789833555192,-,-,-,-,-
THE SCIENTIFIC ERA SERIES 1,LENA ABDULLAH,500 LEN,JADE GREEN PUBLICATIONS,-,-,65,9789831980569,-,-,-,-,-
THE SCIENTIFIC ERA SERIES 1,LENA ABDULLAH,500 LEN,JADE GREEN PUBLICATIONS,-,-,69,9789831980576,-,-,-,-,-
THE SECRET IN THE OLD LACE,CAROLYN  KEENE,820 CAR,GROSSET & DUNLAP,-,-,167,9780448436906,-,-,-,-,-
THE SECRET ISLAND,ENID BLYTON,820 ENI,AWARD PUBLICATIONS,-,-,164,9781841351414,-,-,-,-,-
THE SECRET LIVES OF INTROVERTS,JENN GRANNEMAN,808 JEN,ACEPREMIER.COM SDN BHD,-,207,300,9789670015422,-,-,-,-,-
THE SECRET OF MIRROR BAY,CAROLYN  KEENE,820 CAR,GROSSET & DUNLAP,-,-,178,9780448095493,-,-,-,-,-
THE SECRET OF MIRROR BAY,CAROLYN  KEENE,820 CAR,GROSSET & DUNLAP,-,-,180,9780448095509,-,-,-,-,-
THE SECRET OF RED GATE FARM,CAROLYN  KEENE,820 CAR,GROSSET & DUNLAP,-,-,178,9780448095066,-,-,-,-,-
THE SECRET OF SHADOW RANCH,CAROLYN  KEENE,820 CAR,GROSSET & DUNLAP,-,-,175,9780448095059,-,-,-,-,-
THE SECRET OF THE FIERY CHAMBER,CAROLYN KEENE,820 CAR,ALADDIN PAPERBACKS,-,-,147,076714004993,-,-,-,-,-
THE SECRET OF THE FIERY CHAMBER,CAROLYN KEENE,820 CAR,ALADDIN PAPERBACKS,-,-,147,076714004993,-,-,-,-,-
THE SECRET OF THE FIERY CHAMBER,CAROLYN KEENE,820 CAR,ALADDIN PAPERBACKS,-,-,147,076714004993,-,-,-,-,-
THE SECRET OF THE FORGOTTEN CITY,CAROLYN  KEENE,820 CAR,GROSSET & DUNLAP,-,-,180,9780448095523,-,-,-,-,-
THE SECRET OF THE GOLDEN PAVILION,CAROLYN  KEENE,820 CAR,GROSSET & DUNLAP,-,-,184,9780448095363,-,-,-,-,-
THE SECRET OF THE SHELLS,CHRYSSA LYSS,823 CHR,CERDIK PUBLICATIONS,-,-,40,9789837021693,-,-,-,-,-
THE SECRET OF THE WOODEN LADY,CAROLYN  KEENE,820 CAR,GROSSET & DUNLAP,-,-,176,9780448095271,-,-,-,-,-
THE SECRET THE OLD ATTIC,CAROLYN  KEENE,820 CAR,GROSSET & DUNLAP,-,-,177,9780448095219,-,-,-,-,-
THE SECRET WEAPON,JAMES KEN,428 JAM,EXPRESS EDUCATION,-,-,52,9789833555376,-,-,-,-,-
THE SECRETS OF DROON,TONY ABBOTT,823 TON,SCHOLASTIC,-,-,106,078073003990,-,-,-,-,-
THE SIAVE DANCER PAULA FOX,LAUREL-LEAF,828 LAU,-,-,-,138,071009005501,-,-,-,-,-
THE SIEGE,KATHRYN LASKY,820.8 KAT,BOOK FOUR,-,-,203,078073004997,-,-,-,-,-
THE SIGN OF THE TWISTED CANDLES,CAROLYN  KEENE,820 CAR,GROSSET & DUNLAP,-,-,176,9780448095097,-,-,-,-,-
THE SIX RED WIZARDS,CAROLYN  KEENE,820 CAR,GROSSET & DUNLAP,-,-,190,9781841350738,-,-,-,-,-
THE SKILLS OF LEADERSHIP,JOHN ADAIR,371.01 JOH,GOWER,-,-,288,9780566025570,-,-,-,-,-
THE SKILLS OF MANAGEMENT,AN WELSH,658.4 AN,GOWER,-,-,194,9780566024627,-,-,-,-,-
THE SKY PHANTOM,CAROLYN  KEENE,820 CAR,GROSSET & DUNLAP,-,-,180,9780448095530,-,-,-,-,-
THE SMICKLE SMOCKLE AND OTHE STORIES,ENID BLYTON,820 ENI,AWARD PUBLICATIONS LIMITED,-,-,190,9781841350721,-,-,-,-,-
THE SPELLING SKILLS HANDBOOK,JOHN BARWICK,420 JOH,HORWITZ MARTIN,-,-,128,9780725316532,-,-,-,-,-
THE SPIDER SAPPHIRE MYSTERY,CAROLYN  KEENE,820 CAR,GROSSET & DUNLAP,-,-,176,9780448095455,-,-,-,-,-
THE SPIDER SAPPHIRE MYSTERY,CAROLYN  KEENE,820 CAR,GROSSET & DUNLAP,-,-,192,9780448436920,-,-,-,-,-
THE STALLED OX AND OTHER STORIES,SAKI,828 SAK,OXFORD,-,-,121,9780195853834,-,-,-,-,-
THE STRANGE MESSAGE IN THE PARCHMENT,CAROLYN  KEENE,820 CAR,GROSSET & DUNLAP,-,-,180,9780448095547,-,-,-,-,-
THE STRUGGLE FOR POWER,MOHD GHAZALI TOCHEH,499.23 MOH,UTUSAN PUBLICATIONS,-,-,81,9789676111081,-,-,-,-,-
THE SULTAN & THE CONSTITUTION,MUHAMMAD KAMIL AWANG,321 MUH,DEWAN BAHASA DAN PUSTAKA,-,-,325,9789836259806,-,-,-,-,-
THE TALE BUSHY THE FOX AND OTHER STORIES,ENID BLYTON,820 ENI,AWARD PUBLICATIONS LIMITED,-,-,190,9781841350196,-,-,-,-,-
THE TALENTED MR RIPLEY,PATRICIA HIGHSMITH,428 PAT,LOGMAN,-,-,88,9780582448391,-,-,-,-,-
THE TALES OF BEEDLE THE BARD,J.K ROWLING,820.8 J.K,BLOOMSBURY,-,-,-,9781408883099,-,-,-,-,-
THE TAPIIOCA PERIOD,ZAID MOHD SAMAN,499.23 ZAI,UTUSAN PUBLICATIONS,-,-,84,9789676111104,-,-,-,-,-
THE TEARS OF GOODWILL,MOHD GHAZALI TOCHEH,499.23 MOH,UTUSAN PUBLICATIONS,-,-,78,9789676111098,-,-,-,-,-
THE TERMINAL LIST : A THRILLER,JACK CARR,820.8 JAC,POCKETS BOOKS,AMERIKA,2018,467,9781982197353,-,-,-,-,-
THE THEORY OF HOSPITALITY & CATERING,DAVID FOSKET,647 DAV,HODDER EDUCATION,UK,2016,393,9781471865237,-,-,-,-,-
THE THEORY OF HOSPITALITY & CATERING,DAVID FOSKETT,642 DAV,HODDER EDUCATION,-,2011,436,9781444123760,-,-,-,-,-
THE THIRTEENTH PEARL,CAROLYN  KEENE,820 CAR,GROSSET & DUNLAP,-,-,179,9780448095561,-,-,-,-,-
THE THIRTY-NINE STEPS,JOHN BUCHAN,420 JOH,COMPASS PUBLISHING,-,-,81,9781599662596,-,-,-,-,-
THE THREE STRANGE TRAVELLERS,ENID BLYTON,820 ENI,AWARD PUBLICATIONS LIMITED,-,-,191,9781841350219,-,-,-,-,-
THE TIME MACHINE,H. G. WELLS,420 H.,COMPASS PUBLISHING,-,-,67,9781599662350,-,-,-,-,-
THE TRADITIONNAL MALAY HOUSE,WAN HASHIM,371.01 WAN,INSTITUSI TEJEMAHAN NEGARA MALASYAI,-,-,175,9789830683843,-,-,-,-,-
THE TRIPLE HOAX,CAROLYN  KEENE,820 CAR,GROSSET & DUNLAP,-,-,184,9780448436883,-,-,-,-,-
THE TRUTH ABOUT BATS,EVA MOORE,820.8 EVA,SCHOLASTIC,-,-,70,078073004997,-,-,-,-,-
THE TUNNEL,JIREH GLEM,428 JIR,EXPRESS EDUCATION,-,-,64,9789833555154,-,-,-,-,-
THE TURBULENT FERM OF TYKE TILER,GENE KEMP,820.8 GEN,PUFFIN,-,-,123,-,-,-,-,-,-
THE TWIN DILEMMA,CAROLYN  KEENE,820 CAR,GROSSET & DUNLAP,-,-,190,9780448436944,-,-,-,-,-
THE ULTIMATE COOK'S COMPANION,BEN O'DONOGHUE,641.5 BEN,HARDIE GRANTS BOOKS,AUSTRALIA,2013,286,9781742706887,-,-,-,-,-
THE ULTIMATE LOW FAT COOKBOOK,WOMENS WEEKLY,641.5 WOM,PAT INGRAM,AUSTRALIA,2001,119,9781863969178,-,-,-,-,-
THE UNFORGETTABLE DAWN,FARHAN,823 FAR,PUSTAKA MAWAR,-,-,103,9789838754477,-,-,-,-,-
THE USBORNE INTERNET-LINKED,"KIRSTEEN ROGERS, LAURA HOWELL,",503 KIR,USBORNE,SPAIN,2000,448,-,-,-,-,-,-
THE WALKAWAY SHOES AND OTHER STORIES,ENID BLYTON,820 ENI,AWARD PUBLICATIONS LIMITED,-,-,191,9780861639274,-,-,-,-,-
THE WAR OF THE WORLDS,H. G WELLS,420 H.,COMPASS PUBLISHING,-,-,126,9781599663401,-,-,-,-,-
THE WAR OF THE WORLDS,CHRYSSA LYSS,823 CHR,CERDIK PUBLICATIONS,-,-,41,9789837021686,-,-,-,-,-
THE WATCHMAN,ROBERT CRAIS,820 ROB,READERS DIGEST,-,-,281,-,-,-,-,-,-
THE WAY HOME,TAN EAN NEE,082 TAN,AUTHORS INTRODUCTION,-,-,291,9789671067116,-,-,-,-,-
THE WEDDING BREAKER,EVELYN ROSE,899.233 EVE,KARYA SENI,MALAYSIA,2012,643,9789670246369,-,-,-,-,-
THE WHISPERING STATUE,CAROLYN  KEENE,820 CAR,GROSSET & DUNLAP,-,-,179,9780448095141,-,-,-,-,-
THE WILL WILD WATCH,EVA MOORE,820.8 EVA,SCHOLASTIC,-,-,75,078073004997,-,-,-,-,-
THE WISDOM OF SHEIKH ABDUL QADIR AL-JAILANI,SYARIF HADE MASYAH,290 SYA,SYNERGY MEDIA,-,-,201,010528140036,-,-,-,-,-
THE WISHING JUG AND OTHER STORIES,ENID BLYTON,820 ENI,AWARD PUBLICATIONS LIMITED,-,-,190,9780861638505,-,-,-,-,-
THE WISHING SPELLS AND OTHER STORIES,ENID BLYTON,820 ENI,AWARD PUBLICATIONS LIMITED,-,-,191,9781841352152,-,-,-,-,-
THE WISHING WAND AND OTHER STORIES,CAROLYN  KEENE,820 CAR,GROSSET & DUNLAP,-,-,191,9780861635894,-,-,-,-,-
THE WITCH TREE SYMBOL,CAROLYN  KEENE,820 CAR,GROSSET & DUNLAP,-,-,179,9780448095332,-,-,-,-,-
THE WIZARD OF OZ,L. FRANK BAUM,420 L.,COMPASS PUBLISHING,-,-,67,9781599662053,-,-,-,-,-
THE WOODS,HARLEN COBEN,820 HAR,-,-,-,573,-,-,-,-,-,-
THE WORD EATER,MARY AMATO,820.8 MAR,SCHOLASTIC,-,-,151,-,-,-,-,-,-
THE YOUNG MAN AND THE SEA,RODMAN PHILBRICK,820.8 ROD,SCHOLASTIC,-,-,190,9780439802871,-,-,-,-,-
THE YOUNG WARRIORS,GHAZALI NGAH AZIA,499.21 GHA,UTUSAN PUBLICATIONS,-,-,79,9789676111074,-,-,-,-,-
THE ZILLI COOKBOOK,SIMON,641.5 SIM,ALDO ZILLI,LONDON,2003,208,9780743295703,-,-,-,-,-
THE ZOO ON YOU LIFE ON HUMAN SKIN,HARRY BRIEDAHL,372.1 HAR,MACMILLAN LIBRARY,-,-,32,9780732924171,-,-,-,-,-
THERES A RAT IN THE HOUSE,KAY  G,423 KAY,PUSTAKA SEGERA,-,-,60,9789833277216,-,-,-,-,-
THEY SAY I SAY,GRAFF GERALD,808.042 GRA,NORTON,-,-,701,9780393912753,-,-,-,-,-
THINK DATA STRUCTURES,ALLEN B. DOWNEY,001.640 ALL,O REILLY,AMERICA,2017,141,9781491972397,-,-,-,-,-
THIS OR THAT QUESTION ABOUT ANTARTICA: YOU DECIDE!,JACLYN JAYCOX,525 JAC,CAPSTONE GLOBAL LIBRARY LIMITED,-,2023,32,9781398234581,-,-,-,-,-
THREE BOLD PIXIES AND OTHER STORIES,ENID BLYTON,820 ENI,AWARD PUBLICATIONS LIMITED,-,-,191,9780861636464,-,-,-,-,-
THROUGH THE LOOKING GLASS,LEWIS CARROLL,428 LEW,PXFORD,-,-,72,9780194230193,-,-,-,-,-
"TIDUR TAHU CARANYA ,TEROKAI RAHSIANYA & TANGANI MASALAHNYA",PROF. MADYA DR. MOHAMED FAISAL,613 PRO,WHITECOAT GROUP SDN BHD,-,2023,350,9789672705352,-,-,-,-,-
TIKA CINTA BERPALING,ZULAILA ZAKARIA,899.233 RAM,BUKU PRIMA,-,-,522,9789670184050,-,-,-,-,-
TIME TANGLE,SOON BOON TEK,428 SOO,EXPRESS EDUCATIONS,-,-,52,9789833555468,-,-,-,-,-
TINDAK BALAS KIMIA,DENISE WALKER,540 DEN,INSTITUSI TERJEMAHAN NEGARA MALAYSIA,-,-,48,9789830686417,-,-,-,-,-
TINDAKAN SOSIAL,BARBARA A.LEWIS,361.25 BAR,INSTITUSI TERJEMAHAN & BUKU MALAYSIA,-,-,210,9789830688657,-,-,-,-,-
TINGKAH POLITIK,RAHMAN SHAARI,320 RAH,BUKU PRIMA,-,-,254,9789675234569,-,-,-,-,-
TIP & TEKNIK: MENGAJAR ANAK BERKEPERLUAN KHAS MENGAJI,KHADIJAH GANI,297.07 KHA,PTS PUBLICATIONS HOUSE,-,2023,166,9786297564609,-,-,-,-,-
TIP MENJADI PELAJAR IPT CEMERLANG,DATO DR. HJ. MOHD FADZILAH KAMSAH,378.199 DAT,TELAGA BIRU,-,-,106,9789833494903,-,-,-,-,-
TIP PELAJAR TERBILANG,RIDZUAN SALIMAN,370.15 RID,EDITION PLUS,-,-,60,9789675031366,-,-,-,-,-
TIPS & TRICK MUDAH KUASAI TAJWID AL-QURAN,USTZA HJ. MOHD ASRAFF AYLB AL HAFIZ,297.6309 UST,FUQANWORKS,SELANGOR,2018,195,9789671378199,-,-,-,-,-
TIP-TIP CEMERLANG DARIPADA QURAN,DR DANIAL ZAINAL ABIDIN,499 DR,PTS MILENNIA,-,-,294,9789833372201,-,-,-,-,-
TIP-TIP EFEKTIF PIMPINAN ROHANI AL-GHAZALI BUAT REMAJA,DEDEN HIMAWAN,297.4 DED,PTS MILIIENNIA,-,-,157,9789833603770,-,-,-,-,-
TIP-TIP MENZIARAHI ORANG SAKIT & KEMATIAN,NABILAH HASAN,290 NAB,PTS ISLAMIK,-,-,57,9789831920428,-,-,-,-,-
TIRAI SEMALAM,ADRIANA ZAHRA,899.233 ADR,BUKU PRIMA,-,-,407,9789675234217,-,-,-,-,-
TIRAI SEMALAM,ADRIANA ZAHRA,899.233 AMA,BUKU PRIMA,-,-,407,9789675234217,-,-,-,-,-
TITIK PERTEMUAN,RUZAINI YAHYA,899.233 RUZ,ITBN,KUALA LUMPUR,2013,193,9789674303327,-,-,-,-,-
TOKOH DAN PERISTIWA,AMALINA AMALIN,499.23 AMA,SEJATI BOOKS,-,-,60,9789831542224,-,-,-,-,-
TOKOH DISANJUNG DAN DIKENANG,ZABRI ZAKARIA,499.23 ZAB,PUSTAKA RUBIAH,-,-,60,9789833627639,-,-,-,-,-
"TOKOH GURU NEGERI SELANGOR 2020: TUAN HAJI KAMARUZZAMAN YAHYA PPC
PELAPOR & PENERAJU ICT NEGERI SELANGOR.",DR. NORHAYATI BINTI RAMLAN,923.7 DR.,"SMK TENGKU IDRIS SHAH, KLANG",SELNGOR,2021,228,9789671834510,-,-,-,-,-
"TOKOH GURU NEGERI SELANGOR 2020: TUAN HAJI KAMARUZZAMAN YAHYA PPC
PELOPOR & PENERAJU ICT NEGERI SELANGOR.",DR. NORHAYATI BINTI RAMLAN,923.7 DR.,"SMK TENGKU IDRIS SHAH, KLANG",SELANGOR,2021,228,9789671834510,-,-,-,-,-
TOKOH ISLAM TERBILANG,AHMAD IMAN ARIEF,922 AHM,SABUNAI MEDIA SDN BHD,KUALA LUMPUR,2011,100,9789675409219,-,-,-,-,-
TOKOH KEAMANAN,ZARINA ZAINAL ABIDIN,320 ZAR,CIPTA PUBLISHING,-,-,44,9789838092777,-,-,-,-,-
TOKOH KORPORAT,ZALIFAH ABDULLAH,338.9 ZAL,CIPTA PUBLISHING,-,-,44,9789838092784,-,-,-,-,-
TOKOH MALAYSIA DAN ASIA TENGGARA,MUHAMMAD BIN HARUN,923.2 MUH,PUSTAKA PERMAI,-,-,30,9789833528288,-,-,-,-,-
TOKOH PEJUANG NASIONALISME,MOHD RIDUAN SALLEH,320 MOH,PCT,-,-,44,9789833577453,-,-,-,-,-
TOKOH PENDIDIKAN MELAYSIA,ROBIAH SIDIN,923 ROB,INSTITUSI ALAM DAN TAMADUN MELAYU,-,-,256,-,-,-,-,-,-
TOKOH POLITIK,NORHAYATI SUBOH,499.28 NOR,CIPTA PUBLISHING,-,-,44,9789838092791,-,-,-,-,-
TOKOH POLOTIK,NORHAYATI SUBOH,342 NOR,CIPTA PUBLISHING,-,-,44,9789838092791,-,-,-,-,-
TOKOH REFORMIS,AZLELA HANAFEE,499.28 AZL,CIPTA PUBLISHING,-,-,44,-,-,-,-,-,-
TOKOH SAINS,ZALIFAH ABDULLAH,509 ZAL,CIPTA PUBLISHING,-,-,44,9789838092807,-,-,-,-,-
TOKOH SAINS,ZALIFAH ABDULLAH,509 ZAL,CIPTA PUBLISHING,-,-,44,9789838092807,-,-,-,-,-
TOKOH WANITA,ZALIFAH ABDULLAH,305 ZAL,CIPTA PUBLISHING,-,-,44,-,-,-,-,-,-
TOKOH-TOKOH ILMU DAN PEJUANG KEBENARAN,S. MAHADZIR,297.6 S.,PUSTAKA CITA TINGGI,-,-,144,9789830233536,-,-,-,-,-
TOKOH-TOKOTH KESARJANAN SAINS ISLAM,MAHMOOD ZUHDI AB.MAJID,922.97 MAH,DEWAN BAHASA DAN PUSTAKA,SELANGOR,2000,157,9789836258113,-,-,-,-,-
TOLAK PETAKA DENGAN DOA,MUSTHAFA SYAIKH IBRAHIM HAQQ,290 MUS,SYNERGY MEDIA,-,-,199,9789673716609,-,-,-,-,-
"TOM,S AMBITION",CLENDINNEN,828 CLE,PELANGI,-,-,75,9789830005539,-,-,-,-,-
TOP 1 STANDARD PENDIDIKAN ISLAM,MOHD ZAKI YUSOFF,297 MOH,PELANGI,-,-,135,9789830046310,-,-,-,-,-
TOTAL REVISION ENGLISH 1119,KOH SUAT CHIN,420 KOH,SASBADI,-,-,392,9789835927560,-,-,-,-,-
TOUCHING THE WAVES,BEN M. BAGLIO,820.8 BEN,SCHOLASTIC,-,-,160,078073004997,-,-,-,-,-
TOWARDS BETTER ENGLISH,M. RAJAMARAM,420.81 M.,RUPA PUBLICATIONS INDIA PVT LTD,USA,2013,221,9788129129178,-,-,-,-,-
TOWER AN INTEGRATED SOCIOLOGICAL PARADIGM,GEORGE RITZER,301 GEO,ALLYN AND BACON,-,-,255,-,-,-,-,-,-
"TRACKING THROUGH LETTERS, INVITATIONS AND EMAILS",-,808 -,FAST TRACKS,-,-,40,9780731239658,-,-,-,-,-
TRACKING THROUGH SPEECHES AND DEBATES,-,808 -,FAST TRACKS,-,-,40,9780731239627,-,-,-,-,-
TRACKING THROUGH VISUAL TEXTS,TRACKS,371.3 TRA,RIGBY,-,-,40,9780731239566,-,-,-,-,-
TRAGEDI LEMBAH DANAU,R. HAMZAH DUA,899.233 R.,CERDIK PUBLICATIONS,-,-,119,9789837013902,-,-,-,-,-
TRAINING OF TRAINERS IN SCIENCE AND TECHNOLOGY EDUCATION,-,372 -,COMMONWEALTH SECRETARIAT,-,-,92,-,-,-,-,-,-
TRANSLATIONS,JOHN BRANNIGAN,828 JOH,YORK NOTES,-,-,103,9780582784383,-,-,-,-,-
TRAVEL & TOURISM,DRBORAH FORTUNE,338 DRB,HEINEMANN,-,-,64,9780431094823,-,-,-,-,-
TRAVELOG MUHARAM KE ZULHIJAH,SHOPUAN ANUAR AHMAD,297 SHO,PEKDIS Cawangan Selangor,MALAYSIA,2021,210,9789671512760,-,-,-,-,-
TREASURE ISLAND,ROBERT LUUIS STEVENSON,428 ROB,COMPASS PUBLISHING,-,-,71,9781599662299,-,-,-,-,-
TREASURED TALES FROM BEATRIX POTTER,BEATRIX POTTER,820.8 BEA,PENGUIN GROUP,-,2007,-,9780723258605,-,-,-,-,-
TREAT PETITE,FIONA PEARCE,- -,IVY PRESS,UNITED KINGDOM,2014,127,9781782400981,-,-,-,-,-
TRILOGI,KHADIJH HASHIM,899.233 SAB,K PUBLISHING SDN BHD,-,-,572,9789838524292,-,-,-,-,-
TRILOGI RAJA LAWAK,ZAKARIA ARIFFIN,899.232 ZAK,INSTITUSI TERJEMAHAN NEGARA MALAYSIA,-,-,204,9789674300654,-,-,-,-,-
TROUBLESOME ANGLELS AND FLYING MACHINES,HAZEL MARSHALL,820.8 HAZ,OXFORD,-,-,196,9780192754424,-,-,-,-,-
TRUSTWORTHINESS,DR. HYACINTH GAUDART,808 DR.,PAN ASIA,-,-,76,-,-,-,-,-,-
TSUNAMI,HAIRULKAMAL WAHID,550 HAI,NUR ILMU,-,-,44,9789833501335,-,-,-,-,-
TSUNAMI,HAIRULKAMAL WAHID,499.23 HAI,NUR IMANPUBLICATIONS,-,-,44,9789833501335,-,-,-,-,-
TUBUH MANUSIA,DAN GREEN,611 DAN,ITBN,KUALA LUMPUR,2015,128,9789670798257,-,-,-,-,-
TUHAN AKU INGIN HIJRAH,ADNIN ROSLAN,158.200 ADN,SENTAP PRESS SDN BHD,-,-,581,9789672118459,-,-,-,-,-
"TUHAN, AKU INGIN SEMBUH",ADNIN ROSLAN,297.5 ADN,SENTAP PRESS SDN BHD,-,2023,467,9789672118411,-,-,-,-,-
TUJUH KEAJAIBAN DUNI MODEN,KEVIN JONES ASSOCIATES,523 KEV,-,-,-,34,9789836270504,-,-,-,-,-
TULANG,CAROL BALLARD,611 CAR,ITBM,KUALA LUMPUR,2016,48,9789674600747,-,-,-,-,-
TULIS APA YANG ANDA LIHAT,HANK KELLNER,808.042 HAN,INSTITUSI TERJEMAHAN NEGARA MALAYSIA,-,-,118,9789830688725,-,-,-,-,-
TUN ABDUL RAZAK,NORA HJ. SAMAT,923.2 NOR,GOODMARK ENTERPRISE,-,-,100,9789830573076,-,-,-,-,-
TUN HUSSEIN ONN,NORA HJ. SAMAT,923.2 NOR,GOODMARK ENTERPRISE,-,-,100,9789830573083,-,-,-,-,-
TUN TAN CHENG LOCK,NORA HJ. SAMAT,923.2 NOR,GOODMARK ENTERPRISE,-,-,100,9789830573090,-,-,-,-,-
TUN TAN SIEW SIN,NORA HJ. SAMAT,923.2 NOR,GOODMARK ENTERPRISE,-,-,100,9789830573106,-,-,-,-,-
TUNKU ABDUL RAHMAN,NORA HJ. SAMAT,923.2 NOR,GOODMARK ENTERPRISE,-,-,100,9789830573069,-,-,-,-,-
TUNTUNAN BAHASA,DR. AWANG SARIYAN,499 DR.,LONGMAN,-,-,294,9789837434424,-,-,-,-,-
TUNTUTAN BAHASA,AWANG SARIAN,499 AWA,LONGMAN,-,-,294,9789837434424,-,-,-,-,-
TUNTUTAN BAHASA ASAS PEGANGAN PELAJAR,AWANG SARIYAN,499.500 AWA,LONGMAN,-,-,294,9789837434424,-,-,-,-,-
TUNTUTAN MENGERJAKAN HAJI,NOOR AZILAWATI MOHD SABDA,297.5 NOO,ASSOCIATED,-,-,50,-,-,-,-,-,-
TUNTUTAN SOLAT LENGKAP WAJIB & SUNAT,BUDIMAN MUSTOFA,290 BUD,SYNERGY MEDIA,-,-,240,9789673716272,-,-,-,-,-
TURBULENT PLANET VIOLENT SKIES HURRICANES,CHRIS OXLADE,550 CHR,RAINTREE,-,-,48,9781844437221,-,-,-,-,-
TUTORIAL MATHEMATICS,LYNN A. WHITMORE,510 LYN,TEACHER HANDBOOK,-,-,115,-,-,-,-,-,-
TWELVE SILVER CCUPS AND OTHER SRORIES,ENID BLYTON,820 ENI,AWARD PUBLICATIONS,-,-,192,9780861631421,-,-,-,-,-
TWENTY THOUSAND UNDER THE SEA,JULES VERNE,428 JUL,OXFORD,-,-,105,9780195854695,-,-,-,-,-
TWENTY-TWO MALAYSIAN STORIES,LLOYD FERNANDO,298 LLO,MAYA PRESS,-,-,257,9789832737353,-,-,-,-,-
TWIST CREATIVE IDEAS TO REINVENT YOUR BAKING,MARTHA COLLISON,641.8 MAR,HARPER COLLIN PUBLISHER,LONDON,2016,224,9780008168261,-,-,-,-,-
TWITTER MATHEMATICS FORM 5,SITI KHADIJAH YUSUF,511.2 SIT,INFO DIDIK,-,-,140,9789673731428,-,-,-,-,-
UJIAN KE ATAS NABI AYUB A.S,ZIYAD NAUFAL,499.23 ZIY,PRISMA SDN BHD,-,-,28,9789838773249,-,-,-,-,-
UJIAN LISAN BAHASA INGGERIS 1119 SPM,LEE,420 LEE,FAJAR BAKTI,-,-,92,9789676543967,-,-,-,-,-
UJIAN LISAN BAHASA INGGERIS 1119 SPM,LEE KIAN SENG,420 LEE,FAJAR BAKTI,-,-,92,9789676543967,-,-,-,-,-
UJIAN PSIKOLOGI TAHAP RENDAH,HARUN HUSSIN,499.28 HAR,SYNERGY MEDIA,-,-,117,9789673711468,-,-,-,-,-
"UKURAN ITU MENARIK MEMBINA KEMAHIRAN MENGUKUR DAN
MENGAMALKANYA DALAM KEHIDUPAN SEHARIAN",JOLSSA,372 JOL,ITBN,KUALA LUMPUR,2016,55,9789674603854,-,-,-,-,-
,,,,,,,,-,-,-,-,-
ULANGKAJI TARGET MATEMATIK,YOONG KWEE SOON,510 YOO,SASBADI,-,-,328,9789835925320,-,-,-,-,-
UMAR ABDUL AZIZ,IMAN AHMAD,297 IMA,SABUNAI MEDIA,-,-,86,9789833781492,-,-,-,-,-
UMAR AL-KHATTAB KHALIFAH AL-RASYIDIN KEDUA,TALIB SAMAT,953 TAL,KARISMA PUBLICATIONS SDN BHD,-,-,297,9789831950418,-,-,-,-,-
UMAT YANG TERPILIH,MUHAMMAD FIKRY SAYUTHI,297.4 MUH,ALAM KLASIK,-,-,147,9789832231059,-,-,-,-,-
UNDANG-UNDANG ADAT DAN ZAMAN SILAM,NADIA AMIRA AMIR,340 NAD,TIME EDITION,-,-,44,9789675243059,-,-,-,-,-
UNDANG-UNDANG DAN MALAN URUSAN BANK,J. MILNES HOLDEN,346 J.,DEWAN BAHASAN DAN PUSTAKA,-,-,640,9789836231123,-,-,-,-,-
UNDANG-UNDANG KESELAMATAN NEGARA,NURUL AIDA MOHD ROSLI,349 NUR,TIME EDITION,-,-,44,9789675243011,-,-,-,-,-
UNDANG-UNDANG KOMERSIAL DI MALAYSIA,"SHAIK MOHD NOOR ALAM
S.M HUSSAIN",346 SHA,DEWAN BAHASA DAN PUSTAKA,-,-,442,9789834609207,-,-,-,-,-
UNDANG-UNDANG LALU LINTAS,AZIELA HANAFEE,340 AZI,TIME EDITION,-,-,44,9789675243073,-,-,-,-,-
UNDANG-UNDANG MELAKA DAN UNDANG-UNDANG LAUT,LIAW YOCK FANG,899.230 LIA,YAYASAN KARYAWAN,KUALA LUMPUR,2016,379,9789839510065,-,-,-,-,-
UNDANG-UNDANG MELINDUNGI PENGGUNA,OHD SHAHRUL HANAFI,343 OHD,TIME EDITION,-,-,44,9789675243080,-,-,-,-,-
UNDANG-UNDANG PENGETAHUAN & GURU BESAR,MOHD ISMAIL OTHMAN,371 MOH,PTS PENSISIK,-,-,223,9789833585694,-,-,-,-,-
UNDANG-UNDANG PERNIAGAAN DI MALAYSIA,MUMTAJ HASSAN,658.8 MUM,UNIVERSITI UTARA MALAYSIA,MALAYSIA,2018,309,9789672064541,-,-,-,-,-
UNDANG-UNDANG SEMBILAN PULUH SEMBILAN,JELANI HARUN,340.5 JEL,YAYASAN KARYAWAN KUALA LUMPUR,MALAYSIA,2022,45,9789839510560,-,-,-,-,-
UNDANG-UNDANG SYARIAH,HALIMAH ABDUL RAHMAN,340 HAL,TIME EDITION,-,-,44,9789675243066,-,-,-,-,-
UNDANG-UNDANG SYARIKAT DI MALAYSIA,AISHAH BIDIN,346 AIS,DEWAN BAHASA DAN PUSTAKA,-,-,350,9789836256454,-,-,-,-,-
UNDERSTANDING BAKING: THE ART AND SCIENCE BAKING,JOSEPH AMENDOLA,641.5 JOS,JOHN WILEY & SONS,NEW JERSEY,2002,279,9780471405467,-,-,-,-,-
UNDERSTANDING BAKING: THE ART AND SCIENCE OF BAKING,JOSEPH AMENDOLA,641.5 JOS,JOHN WILEY & SONS,NEW JERSEY,2002,279,9780471405467,-,-,-,-,-
UNDERSTANDING BASIC ENGLISH GRAMMAR,MILON NANDY,425 MIL,PELANDUK,-,-,56,9789679788037,-,-,-,-,-
UNDERSTANDING CONSUMERISM,MOHD HAMDAN ADNAN,366 MOH,FOMCA,-,-,86,9789834031510,-,-,-,-,-
UNDERSTANDING FOOD,AMY BROWN,641.3 AMY,CENGAGE LEARNING,-,-,622,9781305039162,-,-,-,-,-
UNDERSTANDING FOOD,AMY BROWN,641.5 AMY,THOMSON WADSWORTH,AMERICA,2004,581,9780534506094,-,-,-,-,-
UNDERSTANDING SCIENCE,DR ANJU GOEL,500 DR,FEDERAL,-,-,320,9789810191481,-,-,-,-,-
UNDERSTANDING SPELLING,ANNE SEATON,423 ANN,LEARNERS,-,-,208,9789814070157,-,-,-,-,-
UNFINISHED PARADE,FANG SEH AI,428 FAN,EXPRESS EDUCATIONS,-,-,51,9789833555475,-,-,-,-,-
UNGKAPAN BERKIAS ORANG MELAYU SARAWAK,ABANG PATDELI ABANG MUHI,499.23 ABA,DEWAN BAHASA DAN PUSTAKA,KUALA LUMPUR,2022,189,9789834936068,-,-,-,-,-
UNIKNYA KEAJAIBAN ALAM,AZLINA HAZAMY,499.23 AZL,SEJATI,-,-,60,9789831542002,-,-,-,-,-
UNIT SISTEM,MOKHTAR AHMAD,001.640 MOK,LINKERS LIBRARY,-,-,40,9789676903396,-,-,-,-,-
UNSUR MAGNESIUM,COLON UTTLEY,546 COL,FEDERAL,-,-,32,9789835806605,-,-,-,-,-
UNSUR NITROGEN,JOHN FARNDON,546 JOH,FEDERAL,-,-,32,9789835806599,-,-,-,-,-
UNUSUAL LIFE CIRCLE OF INVERTEBRATES,JACLYN JAYCOX,592 JAC,CAPSTONE GLOBAL LIBRARY LIMITED,-,2023,32,9781398223028,-,-,-,-,-
UNUSUAL LIFE CYCLES OF BIRDS,JACLYN JAYCOX,598 JAC,CAPSTONE GLOBAL LIBRARY LIMITED,-,2023,32,9781398222953,-,-,-,-,-
USAH BERTANGGUH AGAR TIDAK TERTINGGAL!,NORHAIDA RIZAL,153.800 NOR,PENERBIT SINAR CEMERLANG,-,2023,-,9789672374534,-,-,-,-,-
USAH MARAH-MARAH BERSABAR YA!,NORHAIDA RIZAL,153.800 NOR,PENERBIT SINAR CEMERLANG,-,2023,48,9789672374558,-,-,-,-,-
"USAH TAKUT, HIDUP INI PERLU BERANI",NORHAIDA RIZAL,153.800 NOR,PENERBIT SINAR CEMERLANG,-,2023,48,9789672374541,-,-,-,-,-
USBORNE ECOLOGY FOR BEGINNERS,ANDY PRENTICE,591.5 AND,USBORNE PUBLISHING LIMITED,-,2023,128,9781474998475,-,-,-,-,-
USING INFORMATION TECHNOLOGY,STACEY C SAWYER,600 STA,MC GRAW HILL,-,-,304,-,-,-,-,-,-
USING INFORMATION TECHNOLOGY,SAWYER WILLIAMS,600 SAW,MC GRAW HILL,-,-,113,9780072255676,-,-,-,-,-
USTAZAH BASIKAL NEKAD KE MAKKAH JILID 1,AHMAD ISA,953.8 AHM,KMH Artventure,KUALA LUMPUR,2021,708,9789671767108,-,-,-,-,-
USTAZAH BASIKAL YAKIN KERANA DIA JILID 2,AHMAD ISA,910.92 AHM,KMH Artventure,KUALA LUMPUR,2021,1018,9789671532812,-,-,-,-,-
UTHMAN BIN AFFAN (DZIN NURAIN ),MAHMUD SYAKIR,297.6 MAH,JASMIN,-,-,365,9789832565604,-,-,-,-,-
UWAIS AAL-QARNI,ROHAWI SARNAP,297 ROH,PUSTAKA ILMI,-,-,30,9789830986654,-,-,-,-,-
V.T SAMBANTHAN,NORA HJ. SAMAT,923.2 NOR,GOODMARK ENTERPRISE,-,-,100,9789830573113,-,-,-,-,-
"VIDEO PEMBANGUNAN ANIMASI 3D TENTANG KEPENTINGAN MENGGUNAKAN
CERMIN MATA ANTI BLU-RAY",AHMAD MIRZA HAKIM BIN RAMLEE,608 AHM,-,-,2021,-,-,-,-,-,-,-
VISUAL ARTS FOR THE IB DIPLOMA,HEATHER MCREYNOLDS,604.24 HEA,CAMBRIDGE UNIVERSITY PRESS,-,2017,256,9781107577060,-,-,-,-,-
VISUAL ARTS FOR THE IB DIPLOMA,HEATHER MCREYNOLDS,604.24 HEA,CAMBRIDGE UNIVERSITY PRESS,-,2017,256,9781107577060,-,-,-,-,-
VISUAL MARKETING,DAVID LANGTON,658.8 DAV,WILEY,-,-,236,2171118035678,-,-,-,-,-
VOCABULARY 1,PETER WATCYN,420 PET,PENGUIN,-,-,102,9780582451667,-,-,-,-,-
VOCABULARY 2,PETER WATCYN,420 PET,PENGUIN,-,-,120,9780582451674,-,-,-,-,-
VOCABULARY 3,PETER WATCYN,420 PET,PENGUIN,-,-,120,9780582451681,-,-,-,-,-
VOCABULARY 4,PETER WATCYN,420 PET,PENGUIAN,-,-,92,9780582451698,-,-,-,-,-
VOCABULARY 5,PETER WATCYN,420 PET,PENGUAIN,-,-,108,9780582451704,-,-,-,-,-
VOLCANOES NATURES AWESOME POWER,MARYANN DOBECK,551 MAR,BENCHMARK EDUCATION,-,-,32,9781410825711,-,-,-,-,-
WACANA FALSAFAH SEJARAH,ABDUL RAHMAN HAJI ABDULLAH,901 ABD,UTUSAN PUBLICATIONS,-,-,258,9789676110596,-,-,-,-,-
WAJAH SEORANG WANITA,S.OTHMAN KELANTAN,899.233 S.O,DAWAMA SDN.BHD,-,2004,452,9789836284891,-,-,-,-,-
WALI ALLAH MEMBANTU PEROMPAK,AHMAD RIEFQIEY,899.233 AHM,PUSTAKA ILMI,-,-,30,-,-,-,-,-,-
WANG ANDA & ISLAM,DR ZAHARUDDIN ABD RAHMAN,657 DR,TRUEWEALTH,-,-,315,9789833364718,-,-,-,-,-
WANG ANDA DAN ISLAM,DR ZAHARUDDIN ABD RAHMAN,657 DR,TRUEWEALTH,-,-,315,9789833364718,-,-,-,-,-
WANG EMAS: BERTAHAN KETIKA GAWAT,MOHD ZULKIFLI SHAFIE,332 MOH,GALERI ILMU SDN BHD,MALAYSIA,2020,220,9789830976372,-,-,-,-,-
WANGI WARISAN,ZAID MD.SAMAN,899.233 ZAI,ITBN,KUALA LUMPUR,2017,703,9789674604516,-,-,-,-,-
WANITA DALAM POLITIK,NOOR AZILAWATI MOHD SABDA,320 NOO,PCT,-,-,44,9789833577415,-,-,-,-,-
WANITA DAN HIBURAN,NUR AMALIN AISYAH,499.23 NUR,SEJATI,-,-,60,9789831541777,-,-,-,-,-
WANITA ISTERI DAN RAHSIA SEKSUAL,DR.MOHD ISMAIL TAMBI,297 DR.,HAJI WAHARP YUSOFF,KUALA LUMPUR,2010,125,9789673880096,-,-,-,-,-
WANITA WANITA MULIA DI DALAM KEHIDUPAN RASULULLAH SAW,MUHAMMAD IBRAHIM,297.2 MUH,ILMIAH,-,-,210,9789832092261,-,-,-,-,-
WANITA WANITA MULIA DI DALAM KEHIDUPAN RASULULLAH SAW,MUHAMMAD IBRAHIM SULAIMAN,297.7 MUH,PUSTAKA ILMIAH,-,-,210,9789832092261,-,-,-,-,-
WANITA-WANITA MULIA DI DALAM KEHIDUPAN RASULULLAH SAW,MUHAMMAD IBRAHIM SULAIMAN,297.2 MUH,ILMIAH,-,-,210,9789832092261,-,-,-,-,-
WARIS KUKUR BERDARAH,AFIEYZA ISAHAK,899.233 AFI,GRUP BUKU KARANGKRAF SDN BHD,MALAYSIA,2019,329,9789674464882,-,-,-,-,-
WARISAN,ABD TALIB HASSAN,899.233 ABD,CREATIVE ENTERPRISE,-,-,802,-,-,-,-,-,-
WARISAN NUMISTIK MALAYSIA,BANK NEGARA MALAYSIA,332.4 BAN,BANK NEGARA,-,-,386,-,-,-,-,-,-
WARM UP TO LITERATURE,WONG MING YOOK,420 WON,LONGMAN,-,-,194,9789837426153,-,-,-,-,-
"WATER, ACIDS, DRUGS, SMOKING AND ALCOHOL",LENA ABDULLAH,387 LEN,JADE GREEN,-,-,60,9789831980514,-,-,-,-,-
WAWASAN 2020,HAYATI HJ AHMAD,320 HAY,PCT,-,-,44,9789833241989,-,-,-,-,-
"WEB PROGRAMMING WITH HTLML5, CSS, AND JAVA SCRIPT.",JOHN  DEAN,621.391 JOH,JONES & BARTLETT LEARNING,-,2017,678,9781284091793,-,-,-,-,-
WEEKNIGHT GLUTEN FREE,KRISTIEN KIDD,641.5 KRI,WELDON OWEN,SAN FRANCISCO,2013,223,9781616286873,-,-,-,-,-
WELCOME TO  HOSPITALITY,KAYE ( KYE-SUNG ),641.3 KAY,INTERNATIONAL ISE,-,2010,493,9781439057377,-,-,-,-,-
WELCOME TO HOSPITALITY AN INTRODUCTION,KYE-SUNG (KAYE)CHON,641.3 KYE,DELMAR,UNITED STATES OF AMERICA,2000,466,9780766808508,-,-,-,-,-
WHAT A JOKE!,CLAIRE SAXBY,282 CLA,PELANGI,-,-,76,9789830005553,-,-,-,-,-
WHAT ARE TRAITS?,EMILY SOHN,575 EMI,RAINTREE,UNITED KINGDOM,2023,32,9781398225411,-,-,-,-,-
WHAT HAPPENED TO INKY,FIA CLENDINNEN,828 FIA,PELANGI,-,-,76,-,-,-,-,-,-
WHAT I WANT YOU TO SEE,CATHERINE LINKA,820.8 CAT,FREEFORM BOOKS,UNITED STATES OF AMERICA,2020,373,9780759555006,-,-,-,-,-
WHAT TO EAT,JOANNA BLYTHMAN,641.3 JOA,FOURTH ESTATE,LONDON,2012,457,9780007476466,-,-,-,-,-
WHAT YOU NEED TO KNOW ABAOUT ENGLISH EXPRESSIONS,VIRGINIA KLEIN,428 VIR,LEARNERS,-,-,252,9789814107440,-,-,-,-,-
WHAT YOU NEED TO KNOW PREPOSITIONS,ANNE SEATON,428 LEA,LEARNERS,-,-,136,9789814107235,-,-,-,-,-
WHISPERS IN THE FOG,CAROLYN KEENE,820 CAR,ALADDIN PAPERBACKS,-,-,147,076714004993,-,-,-,-,-
WILLIAM EDWARD BOEING,G.W,920 G.W,SYNERGY MEDIA,-,-,62,9789673225354,-,-,-,-,-
WILLIAMS SONOMA CHRISTMAS,CAROLYN MILLER,641.5 WIL,SIMON & SCHUSTER SOURCE,SINGAPORE,2003,127,9780743253352,-,-,-,-,-
WINDOW SERVER 2019: ADVANCED NETWORKING,ROBERT MCMILLEN,001.640 ROB,ASCEND EDUCATION,USA,2022,345,9798800213591,-,-,-,-,-
WINDOWS 95,WONG KING SIENG,001.640 WON,DINAMIK,-,-,359,-,-,-,-,-,-
WINDOWS98,MOKHTAR AHMAD,001.640 MOK,THINKERS LIBRARY,-,-,53,9789676903440,-,-,-,-,-
WIRA MUDA DARI AMBARAWA,RIYONO PRATIKTO,899 RIY,FAJAR BAKTI,-,-,197,9789676525314,-,-,-,-,-
WISH LIST,SYAMNURIEZMI,899.233 SYA,PENULISAN ENTERPRISE,MALAYSIA,2018,659,9789672102465,-,-,-,-,-
WITHIN HIGH FENCES,PENNY HANCOCH,428 PEN,CAMBRIDGE,-,-,48,9780521605601,-,-,-,-,-
WOK,VICKI LILEY,641 VIC,TUTLE PUBLISHING,SINGAPORE,-,96,9780804839204,-,-,-,-,-
WOK IDEAS,ADAM HEE,641.5 ADA,SEASHORE PUBLISHING (M )SDN BHD,MALAYSIA,2008,69,9789675114281,-,-,-,-,-
WORD FOR WORD,STEWART CLARK,420 STE,OXFORD,-,-,250,9780194327558,-,-,-,-,-
WORD POWER DICTIONARY,ANNE WEVELL,019 ANN,READERS DEGIST,HONG KONG,1996,1088,9789622582361,-,-,-,-,-
WORD POWER WITHOUT EFFORT,DAVID LEWIN,420 DAV,THINKER LIBRARY,-,-,219,9789676904256,-,-,-,-,-
"WORD, EXCEL & POWERPOINT",MOKHTAR AHMAD,001.640 MOK,THINKERS LIBRARY,-,-,51,9789676903457,-,-,-,-,-
"WORD, EXCEL & POWERPOINT",MOKHTAR AHMAD,001.640 MOK,THINKERS LABRARY,-,-,51,9789676903457,-,-,-,-,-
WORDPOWER,L.N TOCHHAWNG,428 L.N,CRESCENT,-,-,482,9789830616643,-,-,-,-,-
WORLD ECOLOGY,WING KING TONG,551 WIN,TWO CAN,-,-,122,9781843010937,-,-,-,-,-
WORLD ENCYCLOPEDIA,HARPER COLLINS,030 HAR,COLLINS,-,-,1046,9780007165315,-,-,-,-,-
WOW GRAFIK SPM SEJARAH,SASBADI,959.51 SAS,SASBADI SDN.BHD,MALAYSIA,-,246,9789837730519,-,-,-,-,-
WOW GRAFIK SPM SEJARAH,SASBADI,959.51 SAS,SASBADI SDN BHD,MALAYSIA,-,246,9789837730519,-,-,-,-,-
WOW GRAFIK SPM SEJARAH,SASBADI,959.51 SAS,SASBADI SDN BHD,MALAYSIA,-,246,9789837730519,-,-,-,-,-
WOW GRAFIK SPM SEJARAH,SASBADI,959.51 SAS,SASBADI SDN BHD,MALAYSIA,-,246,9789837730519,-,-,-,-,-
WOW GRAFIK SPM SEJARAH,SASBADI,959.51 SAS,SASBADI SDN BHD,MALAYSIA,-,246,9789837730519,-,-,-,-,-
WRITE EFFECTIVE LETTERS,DR. AJAY RAI,428 DR.,CONTENT PLUS,-,-,224,9789675154690,-,-,-,-,-
WRITE EFFECTIVE LETTERS,DR AJAY RAI,420 DR,CONTENT SDN.BHD,-,-,200,9789675154690,-,-,-,-,-
WRITE YOUR BUSINESS PLAN,ENTERPRENEU PRESS,- -,MEDIA INC,USA,2015,394,9781599185576,-,-,-,-,-
WRITING BETTER ENGLISH,MILON NANDY,425 MIL,PELANDUK,-,-,61,9789679787986,-,-,-,-,-
WRITING REVIEWS,LEANNE MATHESON,808 LEA,HEINEMAM,-,-,29,9781740813624,-,-,-,-,-
WUTHERING HEIGHTS,EMILY BRONTE,420 EMI,COMPASS PUBLISHING,-,-,139,9781599663166,-,-,-,-,-
XPRESS BIOLOGY SPM,MAHADIA MUDA,520 MAH,SASBADI,-,-,534,9789835951343,-,-,-,-,-
YA ALLAH KENAPA SOLATKU TIDAK KHUSYUK,MUHD RIZAL KARIM,290 MUH,SYNERGY MEDIA,-,-,168,9789673716197,-,-,-,-,-
YA BUNAYA KENALI 27 HAIWAN AL-QURAN,LUQMAN MAKTHAR,899.233 LUQ,LIDI MEDIA,-,2023,192,9789671647585,-,-,-,-,-
YAZID BIN MUAWIYAH,IMAN AHMAD,297 IMA,SABUNIA MEDIA,-,-,86,9789833781515,-,-,-,-,-
YHE QUEST FOR THE GOLDEN FLEECE,JANJIT SINGH,428 JAN,EXPRESS EDUCATIONS,-,-,52,9789833555444,-,-,-,-,-
YOGA UNTUK MINDA,DSWN DIPRINCE,808.042 DSW,INSTITUSI TERJEMAHAN BUKU MALASYIA,-,-,142,9789830688275,-,-,-,-,-
YOUNG LEARNERS ENCYCLOPEDIA,MOLLY PERHAM,600 MOL,INTERNET LINKED,-,-,40,9781903954188,-,-,-,-,-
ZAKAT DAN KEWANGAN ISLAM,MOHD ALI ATAN,297.6 MOH,SSOCIATED,-,-,52,-,-,-,-,-,-
"ZAKAT, INFAK & SEDEKAH",M. SYAFE'IE EL-BANTANIE,290 M.,SYNERGY MEDIA,-,-,86,9789673710461,-,-,-,-,-
ZAKIR SAKARATULMAUT,BIDIMAN MUSTOFA,290 BID,SYNERGY MEDIA,-,-,120,9789673716999,-,-,-,-,-
ZAMINDAR,ZAEN KASTURI,899.233 ZAE,ITBN,KUALA LUMPUR,2017,147,9789674605650,-,-,-,-,-
ZIKIR AL-FATIHAH,MUHAMMAD ALCAFF,290 MUH,SYNERGY MEDIA,-,-,192,9789673229185,-,-,-,-,-
