ZAINUDIN BIN RAFIE,499.23 ZAI,ALAF 21,-,-,128,9789831244685,-,-,-,-,-
KAREN KWEK,741.6 KAR,PTS PUBLICATION,-,-,80,9789674819439,-,-,-,-,-
KEMENTERIAN PENDIDIKAN MALAYSIA,499.28 KEM,BAHAGIAN PENDIDIKAN ISLAM,-,-,247,9789833052158,-,-,-,-,-
ABD TALIB HASSAN,899.233 SAB,CREATIVE ENTERPRISE,-,-,143,9789838524292,-,-,-,-,-
MOHD AIZAINI MAAROF,600 MOH,UNIVERSITI TEKNOLOGI MALAYSIA,-,-,312,9789835201325,-,-,-,-,-
MOKHTAR AHMAD,001.640 MOK,THINKERS LIBRARY,-,-,50,9789676903495,-,-,-,-,-
SALEH AHMAD,499 SAL,SASBADI,-,-,170,9789835981265,-,-,-,-,-
DR MOHD AZAM AHMAD,499.28 DR,SASBADI,-,-,193,9789835998423,-,-,-,-,-
ZAMRI MAHMAD,499 ZAM,PELANGI,-,-,204,9789835037771,-,-,-,-,-
HASLINA HALIM,302.2 HAS,DEWAN BAHASA DAN PUSTAKA,MALAYSIA,2018,423,9789834915735,-,-,-,-,-
MOHD AIZAINI MAAROF,004 MOH,UNIVERSITI TEKNOLOGI MALAYSIA,-,-,260,9789835202988,-,-,-,-,-
ABDULLAH HASSAN,499.28 ABD,UTUSAN PUBLICATIONS,-,-,284,9789676109217,-,-,-,-,-
ABDULLAH HASSAN,370.15 ABD,UTUSAN PUBLICATIONS,-,-,283,9789676109217,-,-,-,-,-
NOOR AZILAWATI MOHD SABDA,320 NOO,PCT,-,-,44,9789833577385,-,-,-,-,-
AFZAN AYUB,303 AFZ,PUSTAKA MINDA AKTIF,-,-,44,9789675161667,-,-,-,-,-
RAZAK IBRAHIM,324.2 RAZ,CEMERLANG,-,-,44,9799833242145,-,-,-,-,-
HARUN YAHYA,297.1 HAR,JAHABERSA,-,-,282,9789831706145,-,-,-,-,-
JABATAN KEMAJUAN ISLAM MAALAYSIA,297.1 JAB,JABATAN KEMAJUAN ISLAM MALAYSIA,-,-,39,9789830422251,-,-,-,-,-
ZURINAH OTHMAN,499.23 ZUR,IDEA KREATIF,-,-,60,9789833628247,-,-,-,-,-
MOHD IDHAM ALIFF,499.23 MOH,PINANG SDN BHD,-,-,54,9789830555003,-,-,-,-,-
FATIMAH SAIDIN,899.233 FAT,DEWAN BAHASA DAN PUSAKA,MALAYSIA,1995,375,9789836249050,-,-,-,-,-
FATIMAH SAIDIN,899.233 FAT,DEWA BAHASA DAN PUSTAKA,MALAYSIA,2015,366,9789834902001,-,-,-,-,-
MOKHTAR AHMAD,001.640 MOK,THINKERS LIBRARY,-,-,48,9789676903488,-,-,-,-,-
MOKHTAR AHMAD,899.233 MOK,THINKERS LIBRARY,-,-,48,9789676903488,-,-,-,-,-
DR MOHD AZAM AHMAD,499 DR,SASBADI,-,-,193,9789835982927,-,-,-,-,-
MOHD GHAZALI TOCHEH,899.233 MOH,UTUSAN PUBLICATIONS,-,-,204,-,-,-,-,-,-
MOHD. GHAZALI TOCHEH,899.233 MOH,UTUSAN PUBLICATION & DISTIBUTORS SDN.BHD,-,1995,203,-,-,-,-,-,-
MALIK BENNABI,297 MAL,KARISMA,-,-,140,9789831951149,-,-,-,-,-
KHAIRUL NIZAM KHAIRANI,899.233 KHA,PENERBIT X,-,2023,134,9789673696604,-,-,-,-,-
OTHMAN RASUL,428 OTH,PUSTAKA BUANA,-,-,28,9789833449033,-,-,-,-,-
AHMAD NAIM JAAFAR,158.100 AHM,PTS PUBLICATION,-,2004,405,9786297564128,-,-,-,-,-
SYEIKH M. NURUDDIN MARBU AL-MAKKI,290 SYE,SYNERGY MEDIA,-,-,87,9789673714780,-,-,-,-,-
DR. AHMAD SUDIRMAN ABBAS,290 DR.,SYNERGY MEDIA,-,-,134,9789673714681,-,-,-,-,-
VICTORIA HANLEY,808.066 VIC,INSTITUSI TERJEMAHAN BUKU MALASYIA,-,-,240,9789830688176,-,-,-,-,-
VICTORIA HANLEY,808.066 VIC,INSTITUSI TERJEMAHAN BUKU MALAYSIA,-,-,240,9789830688176,-,-,-,-,-
CHEF SUHAILI,641.5 CHE,NOORSHAWATI CHE RAZALI,PERPUSTAKAAN MALAYSIA,-,91,9789678608312,-,-,-,-,-
A.RIZAL RAHIM,398.209 A.R,GOODMARK ENTERPRISE,-,-,102,9789830572666,-,-,-,-,-
HILAL ASYRAF,899.233 HIL,HILALA ASYRAF RESOURCES,-,2022,420,9789672208310,-,-,-,-,-
RAMLI ABDUL HALIM,899.230 RAM,INSTITUT TERJEMAHAN & BUKU MALAYSIA,-,2015,181,9789670869063,-,-,-,-,-
MUHD HASAN YUSUF,297 MUH,SYNERGY MEDIA,-,-,224,9789673716258,-,-,-,-,-
ANWAR RIDHWAN,899.233 ANW,DEWAN BAHASA DAN PUSTAKA,-,-,245,9789834604905,-,-,-,-,-
ANWAR RIDHWAN,899.233 ANW,DAWAMA SDN.BHD,-,2009,245,9789834604905,-,-,-,-,-
ANWAR RIDHWAN,899.233 ANW,DEWAN BHASA DAN PUSTAKA,-,-,245,9789834604905,-,-,-,-,-
AHMAD KAMAL ABDULLAH,899.232 AHM,DEWAN BAHASA DAN PUSTAKA,-,-,202,9789834610050,-,-,-,-,-
AHMAD KAMAL ABDULLAH,899.230 AHM,DEWAN BAHASA DAN PUSTAKA,-,-,202,9789834610050,-,-,-,-,-
SYED ABDUL KADIR ALJOOFRE,297.5 SYE,NUR EL-HIKMAH,KUALA LUMPUR,2018,235,9789671337714,-,-,-,-,-
ANWAR RIDWAN,499.221 ANW,DEWAN BAHASA DAN PUSTAKAN,-,-,57,-,-,-,-,-,-
SALEH AHMAD,499.28 SAL,SASBADI,-,-,169,9789835998386,-,-,-,-,-
ADRA ADLINA,899.233 RAM,BUKU PRIMA,-,-,524,9789675234460,-,-,-,-,-
ADRA ADLINA,899.233 ADR,BUKU PRIMA SDN. BHD.,-,-,524,9789675234460,-,-,-,-,-
HASSAN BASERI BUDIMAN,899.233 HAS,ITBN,KUALA LUMPUR,2015,378,9789674600587,-,-,-,-,-
EMY,787.8 EMY,EMY & COCOBEN,MALAYSIA,-,46,9789675559648,-,-,-,-,-
LAILA KAMILIA,899.233 LAI,ALAF 21,-,-,344,9789831242926,-,-,-,-,-
LAILA KAMILIA,899.233 MIS,ALAF 21,-,-,344,9789831242926,-,-,-,-,-
YUSUF LIU BAOJUN,910.92 YUS,CM DIVERSE SDN BHD,MALAYSIA,2021,166,9789671638774,-,-,-,-,-
HAMDAN MOHD ALI,297 HAM,PUSTAKA ILMI,-,-,24,9789830986371,-,-,-,-,-
DR. MAJID RAMADHAN,297 DR.,SYNERGY MEDIA,-,-,208,9789673713332,-,-,-,-,-
SHAHNON AHMAD,899.233 SHA,DEWAN BAHASA DAN PUSTAKA,-,-,277,9789834601232,-,-,-,-,-
SHAHNON AHMAD,899.233 SHA,DEWAN BAHASA DAN PUSTAKA,-,-,277,9789834601232,-,-,-,-,-
SHAHNON AMAD,899.233 SHA,DEWAN BAHASA DAN PUSTAKA,-,-,277,078073004997,-,-,-,-,-
SHAHNON AHMAD,899.233 SHA,DEWAN BAHASA DAN PUSTAKA,-,-,277,9789834601232,-,-,-,-,-
MARGARET CARRUTHERS,525 MAR,OXFORD,-,-,48,9780199109456,-,-,-,-,-
PROF DATO DR ASMAH HAJI OMAAR,428 PRO,ARCHIPELAGO PRESS,-,-,144,9789813018525,-,-,-,-,-
-,615 -,-,-,-,137,-,-,-,-,-,-
KAMARUDDIN HAJI HUSIN,499.23 KAM,UTUSAN PUBLICATIONS & DISTRIBUTORS SDN BHD,KUALA LUMPUR,1995,159,1000816322,-,-,-,-,-
MATT STAUFFER,005.140 MAT,O'REILLY,-,2019,519,9781492041214,-,-,-,-,-
RIZMAN SAMARY AHMAD,499.28 RIZ,SUMBER ILMU,-,-,36,9789833835218,-,-,-,-,-
JACKSON TELLER,796.42 JAC,ITBN,KUALA LUMPUR,2014,32,9789674302924,-,-,-,-,-
YEO MOY KIM,511 YEO,PELANGI,-,-,48,9789835032325,-,-,-,-,-
YEO MOY KIM,511.2 YEO,PELANGI,-,-,48,9789835032325,-,-,-,-,-
JONATHAN NORTON LEONARD,641 JON,TIME LIFE BOOKS,-,1968,-,-,-,-,-,-,-
NOOR JOHA AHMAD,641.5 NOO,UTUSAN PUBLICATIONS,-,2008,98,9789676121677,-,-,-,-,-
KEITH,741.6 KEI,KADOKAWA GEMPAK STARZ,-,-,116,9789833882106,-,-,-,-,-
NISHIKI,741.6 NIS,KADOKAWA GEMPAK STARZ,-,2023,137,9786297563466,-,-,-,-,-
NISHIKI,741.6 NIS,KADOKAWA GEMPAK STARZ,-,2023,137,9786294791084,-,-,-,-,-
NISHIKI,741.6 NIS,KADOKAWA GEMPAK STARZ SDN BHD,-,-,142,9789672381761,-,-,-,-,-
LATIFF MOHIDIN,899.232 LAT,INSTITUT TERJEMAHAN NEGARA MALAYSIA,-,-,83,9789830683812,-,-,-,-,-
JON L. PIERCE,658.8 JON,MC GRAW HILL,-,-,495,-,-,-,-,-,-
TIM A. FLANAGAN,658.4 TIM,JOSSEY BASS,-,-,239,9781118380574,-,-,-,-,-
ISSA BASS,515 ISS,MC GRAW HILL,-,-,362,9780071621304,-,-,-,-,-
TED HAGOS,608 TED,APRESS,-,2018,469,9781484239063,-,-,-,-,-
TED HAGOS,608 TED,APRESS,-,2018,469,9781484239063,-,-,-,-,-
TED HAGOS,608 TED,APRESS,PHILIPPINES,2020,324,9781484259368,-,-,-,-,-
DR ANITA,495 DR,CRESCENT NEWS,SELANGOR,2007,297,9789830610672,-,-,-,-,-
NICK FREETH,787 NIC,PARRAGON,UK,2008,96,9781407539775,-,-,-,-,-
STANLY W.JOHSON,371.1 STA,"LIBARY OF CONGRESS CATALOGING IN
PUBLICATION DATA",-,-,436,-,-,-,-,-,-
JENNA OOI,420 JEN,SAP,-,-,148,9789673210602,-,-,-,-,-
MARC LOY,621.391 MAR,O'REILLY MEDIA,-,2020,495,9781492056270,-,-,-,-,-
MARC LOY,621.391 MAR,O'REILLY MEDIA,-,2020,495,9781492056270,-,-,-,-,-
ABDUL LATIP TALIB,297.64 ABD,PTS LITERA UTAMA,-,-,344,9789675136160,-,-,-,-,-
KHAILANI A JALIL,923.7 KHA,MEDIA SINAR HARAPAN,-,-,234,9789671338643,-,-,-,-,-
RAMLEE AWANG MURSHID,899.233 RAM,GRUP BUKU KARANGKRAF,MALAYSIA,2017,547,9789674463922,-,-,-,-,-
AMINAH MOKHTAR,899.233 AMI,UTUSAN PUBLICATIONS SDN.BHD,-,2001,138,9789676112309,-,-,-,-,-
MUHAMMAD DANIAL RAMLI,909.049 MUH,HIJJAZ RECORDS PUBLISHING,MALAYSIA,2023,211,9789672278702,-,-,-,-,-
SHAARI ISA,899.233 SHA,DEWAN BAHASA DAN PUSTAKA,-,-,479,9559831378358,-,-,-,-,-
SHAARI ISA,899.233 SHA,DEWAN BAHASA DAN PUSTAKA,-,-,479,9559831378358,-,-,-,-,-
TAN YAN HOON,741.6 TAN,COMIC HOLIC SDN. BHD,-,2022,127,9789670041094,-,-,-,-,-
MARION SMOOTHEY,529 MAR,FEDERAL PUBLICATIONS,-,-,64,9789833001361,-,-,-,-,-
MARION SMOOTHEY,529 MAR,FEDERAL PUBLICATIONS,-,-,64,9789833001248,-,-,-,-,-
MARIO SMOOTHEY,529 MAR,FEDERAL,-,-,64,9789833001729,-,-,-,-,-
NORHAFSAH HAMID,158.100 NOR,IMAN PUBLICATION,-,100,-,9789672459897,-,-,-,-,-
CHIN PEN LEN,823 CHI,PUSTAKA CINTA TINGGI,-,-,76,9789830235073,-,-,-,-,-
SYED OSMAN SYED YUSOFF,779 SYE,ITBN,KUALA LUMPUR,2016,123,9789674601423,-,-,-,-,-
SULAIMAN DUFFORD,297 SUL,INSTITUSI TERJEMAHAN NEGARA MALAYSIA,-,-,248,9789830685250,-,-,-,-,-
MOHD RIDUAN SALLEH,320 MOH,PCT,-,-,44,9789833577446,-,-,-,-,-
NAZRI MUHD,681 NAZ,SIRI MEDIA INTERAKTIF ANDROID & KOMPUTER,-,-,112,-,-,-,-,-,-
MATILDA XAVIER,420 MAT,SASBADI,-,-,56,9789835949685,-,-,-,-,-
CHO CHO NYUN,420 CHO,PRESTON,-,-,161,9789831580608,-,-,-,-,-
LOUISA MAY ALCOTT,420 LOU,COMPPAS PUBLISHING,-,-,86,9781599662657,-,-,-,-,-
LOUISA MAY ALCOTT,820.8 LOU,EARLY LEARNER PUBLICATIONS SDN BHD,-,-,228,9789833324231,-,-,-,-,-
ALISON SAGE,420 ALI,COLLONS BIG CAT,-,-,31,9780007231188,-,-,-,-,-
CLAUDIA MILLS,820.8 CLA,SCHOLASTIC,-,-,151,-,-,-,-,-,-
RICHARD MACANDREW,428 RIC,CAMBRIDGE,-,-,48,9780521795067,-,-,-,-,-
AMALINA AMALIN,499.23 AMA,SEJATI,-,-,60,9789831542217,-,-,-,-,-
DELLA SUMMERS,423 DEL,LONGMAN,ENGLAND,2005,1949,9781405811262,-,-,-,-,-
NOOR AZILAWATI MOHD SABDA,499.23 NOO,PINANG SDN BHD,-,-,54,9789830555027,-,-,-,-,-
ENID BLYTON,820 ENI,AWARD PUBLICATIONS LIMITED,-,-,190,9780861635870,-,-,-,-,-
TUNKU ABDUL RAHMAN PUTRA,901 TUN,TUNKU ABDUL RAHMAN PUTRA,-,-,380,-,-,-,-,-,-
OSCAR WILDE,828 OSC,OXFORD,-,-,60,9780194243988,-,-,-,-,-
JOSEPH CONRAD,828 JOS,OXFORD,-,-,74,9780195852639,-,-,-,-,-
AMBER ROSE,641.8 -,KYLE BOOKS,SINGAPORE,2013,208,9789812753830,-,-,-,-,-
AIDA MUNIRA,899.233 RAM,BUKU PRIMA,-,-,380,9789833669271,-,-,-,-,-
DANIEL SHANKAR,899.230 DAN,SYAHIDA HASSAN ENTERPRISE,MALAYSIA,2022,301,9789672378488,-,-,-,-,-
HAJI MOHAMAD BIN JUSOH,499 HAJ,BUKU PRIMA,-,-,96,9789675489587,-,-,-,-,-
HAMDAN MOHD ALI,297 HAM,PUSTAKA ILMI,-,-,24,9789830986326,-,-,-,-,-
MIKE CRAIG,899 MIK,PELANGI,-,-,76,9789830005546,-,-,-,-,-
DATI PADUKA DR HAJAH SHARIFAH MAZLINA,499.28 DAT,BUKU PRIMA,-,-,272,9789833669981,-,-,-,-,-
AMY SUZAINI AINUDDIN,899.230 AMY,FLO ENTERPRISE,-,-,90,9789679714470,-,-,-,-,-
MARK L. CHAMBERS,005.1 MAR,WILEY,-,-,834,-,-,-,-,-,-
MAHDI SHUIB,910 MAH,VATLAS,-,-,18,9789834305987,-,-,-,-,-
DR. ABDUL BASIT ABD RAHMAN,297.3 DR.,TELAGA BIRU,-,-,256,9789675102981,-,-,-,-,-
DR. H. C. ZEN MUHAMMAD AL HADI,290 DR.,SYNERGY MEDIA,-,-,151,9789673713554,-,-,-,-,-
LOKMAN HAKIM,899.233 LOK,PENERBIT X,-,2024,151,9789673697618,-,-,-,-,-
ABDUL AZIZ ABDUL RAHMAN,338 ABD,UNIVERSITI PUTRA MALAYSIA,-,-,133,9789839319262,-,-,-,-,-
-,384 -,PELANDUK PUBLICATIONS,-,-,104,-,-,-,-,-,-
NOOR AZILAWATI MOHD ABDA,347 NOO,TIME EDITION,-,-,44,9789675243028,-,-,-,-,-
MUHAMAD ISMAIL AHMAAD,499.28 MUH,SEMARAK MURNI,-,-,84,5789617158315,-,-,-,-,-
MUHAMMAD HAJI SALLEH,899.28 MUH,DEWAN BAHASA DAN PUSTAKA,-,-,259,9789836293626,-,-,-,-,-
MAHMUD NASHAR,297 MAH,PUSTAKA ILMI,-,-,185,9789830982335,-,-,-,-,-
DR. MUHAMMAD FAHD ATS-TSUWAINI,290 DR.,SYNERGY MEDIA,-,-,117,9789673712038,-,-,-,-,-
HARPRIT SINGH SANDHU,621.391 HAR,MC GRAW HILL,-,-,360,9780071606165,-,-,-,-,-
BAHA ZAIN,899 BAH,"PENERBITAN KATA PILAR
(M) SDN BHD",-,-,102,9789672796305,-,-,-,-,-
WS UZALA,899.233 WS,EDITION PLUS SDN BHD,-,-,156,9789675262364,-,-,-,-,-
VISTA PRODUCTION LTD,641.5 -,PRESTON CORPORATION PTE LTD,HONG KONG,1979,206,000816784,-,-,-,-,-
CHARTING DEVELOPMENT TOWARDS A HIGHT,338.9 CHA,UKAS,-,-,291,-,-,-,-,-,-
DATO MOHAMAD SALLEH BIN RAFIE,959.5 DAT,JABATAN PENERANGAN MALAYSIA,-,-,279,9789835404085,-,-,-,-,-
RAMON V NAZARATNAM,330 RAM,ASEAN ACADEMIC PRESS,-,-,678,9781901919462,-,-,-,-,-
SITI MARIAM ELIAS,306 SIT,PUSTAKA SEGAR,-,-,60,-,-,-,-,-,-
HAYATI HJ AHMAD,320 HAY,PCT,-,-,44,9789833241996,-,-,-,-,-
AHMAD SARJI ABDUL HAMID,338.9 AHM,PELANDUK PUBLICATIONS,-,-,460,-,-,-,-,-,-
COOKBOOK CLUB,641.5 COO,NEW WAVE,-,2018,83,9781719944410,-,-,-,-,-
ABD HAFIDZ AINUDDIN,641.3 ABD,UTUSAN PUBLICATIONS,-,2013,278,9789676125651,-,-,-,-,-
ZAIMAH ZAINOL ARIFFIN,657 ZAI,UUM PRESS,-,2022,373,9789670031392,-,-,-,-,-
ZAIMAH ZAINOL ARIFFIN,657 ZAI,UUM PRESS,-,2022,373,9789670031392,-,-,-,-,-
ZAIMAH ZAINOL ARIFFIN,657 ZAI,UUM PRESS,-,2022,373,9789670031392,-,-,-,-,-
RAMON V. NAVARATNAM,338.9 RAM,PELANDUK,-,-,220,9789679788488,-,-,-,-,-
ROHAWI SARNAP,297 ROH,PUSTAKA ILMI,-,-,30,9789830986692,-,-,-,-,-
MOHD SOFWAN AMIRULLAH,909 MOH,YAYASAN DAKWAH ISLAMIAH MALAYSIA,-,-,148,-,-,-,-,-,-
SURAYA HUSIN,899.233 SUR,ALL WRITE,-,-,107,9789832414421,-,-,-,-,-
BOALD DAHL,820.8 BOA,-,-,-,-,9780582512238,-,-,-,-,-
NOORDIN HASSAN,899.232 NOO,DEWAN BAHASA DAN PUSTAKA,-,-,176,9789836270474,-,-,-,-,-
ALNOOR  BHIMANI,658.5 ALN,PEARSON EDUCATION LIMITED,USA,2019,841,9781292232669,-,-,-,-,-
ALNOOR BHIMANI,658.5 ALN,PEARSON EDUCATION LIMITED,USA,2019,841,9781292232669,-,-,-,-,-
KENNETH C.LAUDON,621.3 KEN,-,-,-,-,9780131971929,-,-,-,-,-
ALNOOR BHIMANI,658 ALN,PEARSON EDUCATION LIMITED,UK,2015,857,9781292063461,-,-,-,-,-
SITI SALWA TUMIRAN,290 SIT,SYNERGY MEDIA,-,-,280,9789673715527,-,-,-,-,-
DR. HARON DIN,297 DR.,DBP,-,-,236,9789836214225,-,-,-,-,-
DR. HARON DIN,297 DR.,DBP,-,-,361,9789836215239,-,-,-,-,-
DR.HARON DIN,297.4 DR.,DBP,-,-,236,9789836214225,-,-,-,-,-
DR HARON DIN,297 DR,DEWAN BAHASA DAN PUSTAKA,-,-,361,9789836215239,-,-,-,-,-
HAIRULKAMAL WAHID,499.23 HAI,NUR ILMU PUBLICATIONS,-,-,44,9789833501298,-,-,-,-,-
HAIRULKAMAL WAHID,499.23 HAI,NUR ILMU PUBLITIONS,-,-,44,9789833501298,-,-,-,-,-
AMALINA AMALIN,499.23 AMA,SEJATI,-,-,60,9789831542194,-,-,-,-,-
REZ KHAEL,899.233 REZ,FIXI,-,-,225,9789672128366,-,-,-,-,-
JAMAL MADHI,290 JAM,SYNERGY MEDIA,-,-,159,9789673715572,-,-,-,-,-
MAJLIS MINYAK SAWIT MALAYSIA,581.959 MAJ,NUKILAN UNGGUL SDN BHD,MALAYSIA,2022,48,9789670743882,-,-,-,-,-
MAJLIS MINYAK SAWIT MALAYSIA,581.959 MAJ,NUKILAN UNGGUL SDN BHD,MALAYSIA,2022,48,9789670743882,-,-,-,-,-
MAJLIS MINYAK SAWIT MALAYSIA,581.959 MAJ,NUKILAN UNGGUL SENDIRIAN BERHAD,MALAYSIA,2022,48,9789670743882,-,-,-,-,-
MAJLIS MINYAK SAWIT MALAYSIA,581.959 MAJ,NUKILAN UNGGUL SDN BHD,MALAYSIA,2022,48,9789670743882,-,-,-,-,-
MAJLIS MINYAK SAWIT MALAYSIA,581.959 MAJ,NUKILAN UNGGUL SDN BHD,MALAYSIA,2022,48,9789670743882,-,-,-,-,-
MAJLIS MINYAK SAWIT MALAYSIA,581.959 MAJ,NUKILAN UNGGUL SDN BHD,MALAYSIA,2022,48,9789670743882,-,-,-,-,-
MAJLIS MINYAK SAWIT MALAYSIA,581.959 MAJ,NUKILAN UNGGUL SDN BHD,MALAYSIA,2022,48,9789670743882,-,-,-,-,-
MAJLIS MINYAK SAWIT MALAYSIA,581.959 MAJ,NUKILAN UNGGUL SDN BHD,MALAYSIA,2022,48,9789670743882,-,-,-,-,-
MAJLIS MINYAK SAWIT MALAYSIA,581.959 MAJ,NUKILAN UNGGUL SDN BHD,MALAYSIA,2022,48,9789670743882,-,-,-,-,-
MAJLIS MINYAK SAWIT MALAYSIA,581.959 MAJ,NUKILAN UNGGUL SDN BHD,MALAYSIA,2022,48,9789670743882,-,-,-,-,-
MAJLIS MINYAK SAWIT MALAYSIA,581.959 MAJ,NUKILAN UNGGULSDN BHD,MALAYSIA,2022,48,9789670743882,-,-,-,-,-
HERMAWAN KARTAJAYA,658.8 HER,WILEY,CANADA,2017,184,9781119341208,-,-,-,-,-
THORIK GUNARA,270 THO,SYNERGY MEDIA,-,-,154,9789673713271,-,-,-,-,-
ROBERT W.PALMATIER,658.8 ROB,ROUTLEDGE,NEW YORK,2020,373,9780367262099,-,-,-,-,-
ROBERT W.PALMATIER,658.8 ROB,TAYLOR & FRANCIS,NEW YORK,2020,373,9781138593930,-,-,-,-,-
ROBERT W. PALMATIER,658.8 ROB,ROUTLEDGE,NEW YORK,2020,373,9780367262099,-,-,-,-,-
ROSMIMAH MOHD ROSLIN,658.8 ROS,-,-,-,-,9789833850631,-,-,-,-,-
BERT ROSENBLOOM,658.8 BER,SOUTH WESTERN,-,-,660,9780538477604,-,-,-,-,-
PHILIP KOTLER,641.3 PHI,PEARSON,-,2017,680,9781292156156,-,-,-,-,-
KOTLER KELLER,658 KOT,PEARSON,-,-,136,9781292092621,-,-,-,-,-
YUSNIZA KAMARULZAMAN,658.8 YUS,OXFORD,-,-,443,9789834715311,-,-,-,-,-
KOTLER KELLER,658.8 KOT,PEARSON,-,-,136,9781292092621,-,-,-,-,-
YUSNIZA KAMARULZAMAN,658.8 YUS,PXFORD,-,-,443,9789834715311,-,-,-,-,-
KOTLER KELLER,658.8 KOT,GLOBAL EDITION,-,-,136,2111292092623,-,-,-,-,-
PHILIP KOTLER,658.8 PHI,PEARSON EDUCATION LIMITED,UNITED KINGDOM,2022,605,9781292404813,-,-,-,-,-
DONALD R. COOPER,658.83 DON,MC GRAW HILL,-,-,790,-,-,-,-,-,-
NARESH K. MALHOTRA,658.8 NAR,PEARSON,-,-,929,9780136094234,-,-,-,-,-
NARESH K. MALHOTRA,658.8 NAR,PEARSON,-,-,929,9780136094234,-,-,-,-,-
HARIS AMIR JAIS,641.3 HAR,UTUSAN PUBLICATIONS,-,2011,75,9789676124401,-,-,-,-,-
HAMIDAH ASARARUDDIN,641.3 HAM,UTUSAN PUBLICATIONS,-,2014,80,9789676127112,-,-,-,-,-
DR.MOHD RUSHDAN BIN MD.NOR,618 DR.,GOLDEN BOOKS CENTRE SDN BHD,MALAYSIA,2008,223,9789837205963,-,-,-,-,-
ZAMRI TALIB,959.51 ZAM,SASBADI SDN.BHD,MALAYSIA,-,416,9789837732728,-,-,-,-,-
ZAMRI TALIB,959.51 ZAM,SASBADI,MALAYSIA,-,416,9789837732728,-,-,-,-,-
ZAMRI TALIB,959.51 ZAM,SASBADI SDN.BHD,MALAYSIA,-,416,9789837732728,-,-,-,-,-
ZAMRI TALIB,959.51 ZAM,SASBADI SDN.BHD,MALAYSIA,-,416,9789837732728,-,-,-,-,-
ZAMRI TALIB,959.51 ZAM,SASBADI SDN.BHD,MALAYSIA,-,416,9789837732728,-,-,-,-,-
ROSNANI RIFIN,297 ROS,PNI NEURON(M) SDN. BHD,"PUCHONG, SELANGOR",2010,184,9789831939109,-,-,-,-,-
JUNAIDAH SALEHUDIN,499.28  JU,PNI NEURON,-,-,200,9789831937815,-,-,-,-,-
IBRAHIM ZEID,606.8 IBR,MC GRAW HILL,-,-,962,-,-,-,-,-,-
THE CULINARY INSTITUTE OF AMERICA,641.3 THE,WILEY,-,2016,1116,9780470928653,-,-,-,-,-
JOANNE EVELYN & KAREN,420 JOA,JN COORAY,-,-,60,9789832020608,-,-,-,-,-
WAN MAIZURA WAN MAHMUD,929.7598 WAN,PUSTAKA CAHAYA INTELEK,-,-,52,9789833656233,-,-,-,-,-
ABDUL LATIF TALIB,899.233 ARE,PTS,KUALA LUMPUR,2011,366,9789833892426,-,-,-,-,-
AHMAD KAMAL ABDULLAH,899.232 AHM,DEWAN BAHASA DAN PUSTAKA,-,-,154,9789834610043,-,-,-,-,-
AHMAD KAMAL ABDULLAH,899.232 AHM,DEWAN BAHASA DAN PUSTAKA,-,-,154,9789834610043,-,-,-,-,-
YOONG KWEE SOON,510 YOO,SASBADI,-,-,434,9789835909740,-,-,-,-,-
TAN JEK KIN,511 CHA,TUNAS ILMU,-,-,292,-,-,-,-,-,-
LIM SWEE HOCK,511.2 LIM,FAJAR BAKTI,-,-,347,9789676549150,-,-,-,-,-
OOI YONG SENG,510 OOI,PELANGI,-,-,486,9789830012568,-,-,-,-,-
OOI YONG SENG,510 OOI,PELANGI,-,-,478,9789835037559,-,-,-,-,-
LIM SWEE HOCK,510 LIM,FAJAR BAKTI,-,-,347,9789676549150,-,-,-,-,-
LIM SWEE HOCK,510 LIM,FAJAR BAKTI,-,-,226,9789676574008,-,-,-,-,-
SIOW YEE LIAN,510 SIO,PRESTON,-,-,317,9789831580486,-,-,-,-,-
YOON KWEE SOON,510 YOO,SASBADI,-,-,296,9789835906596,-,-,-,-,-
LIM SWEE HOCK,510 LIM,FAJAR BAKTI,-,-,432,9789676568199,-,-,-,-,-
OOI YONG SENG,510 OOI,PELANGI,-,-,478,9789830008035,-,-,-,-,-
YEO MOY KIM,511 YEO,CERDIK PUBLICATIONS,-,-,457,9789837015883,-,-,-,-,-
YOONG KWEE SOON,510 YOO,SASBADI,-,-,480,9789835916571,-,-,-,-,-
IR. BEKTI HERMAWAN HANDOJO,511 IR.,SYNERGY MEDIA,-,-,86,9789673711406,-,-,-,-,-
RAVINDER KAUR,511.2 RAV,SYNERGY MEDIA,-,-,64,9789673711413,-,-,-,-,-
CECILIA MINDEN,642 CEC,ITBN,KUALA LUMPUR,2015,32,9789670869421,-,-,-,-,-
CHAM JUAT ENG,511.2 CHA,RAZ STUDIO,-,-,299,-,-,-,-,-,-
WILLIAM D. CALLISTER,540 WIL,SJ VERSION,-,-,885,9780470505861,-,-,-,-,-
MACMILLAN,511 MAC,MC GRAW HILL,-,-,683,9780021040056,-,-,-,-,-
SCOTT FORESMAN,510 SCO,PEARSON,-,-,764,9780328117093,-,-,-,-,-
BAILEY,510 BAI,GLENCOE MATHEMATICS,-,-,675,9780078652639,-,-,-,-,-
DAVID COFFEY,510 DAV,HEINEMANN,-,-,496,9780864625847,-,-,-,-,-
ANTHONY JAMES,511 ANT,MASTER LIFE,-,-,101,9781857721263,-,-,-,-,-
ABDUL HADI YAAKUB,511 ABD,OXFORD FAJAR,-,-,316,9789834714123,-,-,-,-,-
A.GEARY,510 A.G,LONGMANS,-,-,371,-,-,-,-,-,-
ROBERT A.CARMAN,513 ROB,PRENTICE HALL,-,-,657,9780130305411,-,-,-,-,-
GARETH WILLIAMS,510 GAR,ALLYN AND BACON,-,-,658,-,-,-,-,-,-
ELENA IAMPOLSKY,510 ELE,WILEY,-,-,622,9780701633936,-,-,-,-,-
DAVID PHILLIPS,510 DAV,JOHN WILEY & SONS AUSTRALIA,-,-,700,9780701633929,-,-,-,-,-
DAVID PHILLIPS,510 DAV,JOHN WILEY & SONS AUSTRALIA,-,-,752,9780701634995,-,-,-,-,-
M. SHODIQ MUSTIKA,290 M.,SYNERGY MEDIA,-,-,112,9789673717071,-,-,-,-,-
SERDAR OZKAN,899.233 SER,INSTITUSI TERJEMAHAN NEGARA MALAYSIA,-,-,245,9789830685670,-,-,-,-,-
ROBAYAH MAHMOOD,899.233 SHA,REATIVE ENTERPRISE,-,-,273,-,-,-,-,-,-
ERIC KELLER,681 ERI,SYBEX A WILEY BRAND,-,-,382,2131118441602,-,-,-,-,-
ERIC KELLER,681 JAS,FOCAL PRESS,-,-,382,2141118441601,-,-,-,-,-
DEBORAH HOLM,641.5 DEB,NEW HOLLAND,-,2012,191,9781742573519,-,-,-,-,-
GEORGE G. FENICH,428 GEO,-,-,2014,356,9781292020976,-,-,-,-,-
AMALINA AMALIN,499.23 AMA,SEJATI,-,-,60,9789831542200,-,-,-,-,-
MOHD GHANI AWANG,650.14 MOH,UNIVERSITI MALAYSIA PAHANG,PAHANG,2011,176,9789670120317,-,-,-,-,-
AWANASHAIZA,899 AWA,EDDIPLEX SDN BHD,-,-,132,9789838807005,-,-,-,-,-
ABDUL KADIR ADABI,899.233 ABD,DEWAN BAHASA DAN PUSTAKA,-,-,292,9559831378273,-,-,-,-,-
RIZMAN SAMARY AHMAD,510 RIZ,SUMBER IKMU,-,-,36,9789833835201,-,-,-,-,-
YAYASAN KAJIAN & STRATEGI MELAYU,499.23 YAY,PERMODALAN NASIONAL BERHAD,-,-,91,9789834396862,-,-,-,-,-
ZURINAH OTHMAN,499.23 ZUR,IDEA KRETIF,-,-,60,9789833628292,-,-,-,-,-
HEZZY AZRA,899.233 HEZ,ALAF 21,-,-,472,9789831243275,-,-,-,-,-
HEZZY AZRA,899.233 RAM,ALAF 21,-,-,472,9789831243275,-,-,-,-,-
NOOR AZILAWATI MOHD SABDA,499.23 NOO,PINANG SDN BHD,-,-,54,9789830554983,-,-,-,-,-
MOHD HAMDAN ADNAN,899.230 MOH,FOMCA,-,-,108,9789834031503,-,-,-,-,-
ZABRI HAZRY,899.233 ZAB,WAHWI HERITAGE,-,2024,24,9789672924845,-,-,-,-,-
ZANARIAH MOHD RAJAB,338.064 ZAN,HEBAT PUBLISHING,-,2023,40,9789672322573,-,-,-,-,-
SAHRUNIZAM ABDUL TALIB,899.230 SAH,INSTITUSI TERJEMAHAN BUKU MALAYSIA,-,-,100,9789830689265,-,-,-,-,-
HAYATI HJ AHMAD,320 HAY,PCT,-,-,44,9789833241972,-,-,-,-,-
AHMAD NURYADI,297 AHM,THINKERS LIBRARY,-,-,169,9789676901576,-,-,-,-,-
AISYAH NADHIRAH BINTI MD KHIR,641 AIS,-,-,2021,90,-,-,-,-,-,-
SITI NORANIS IZZATI BINTI MOHD YUSOFF,641 -,-,-,-,-,-,-,-,-,-,-
NURZALIA AZWIN BINTI ABD HALIM,641 -,-,-,-,-,-,-,-,-,-,-
MOHAMAD ZAHIN AZFAR BIN MOHD DZAH HIR,641 -,-,-,-,45,-,-,-,-,-,-
AIN FARHANAH MOHD FARID,650 AIN,-,-,2019,58,-,-,-,-,-,-
MOHAMAD FAZRUL ZAMANIE BIN SAHRAN,641 -,-,-,-,42,-,-,-,-,-,-
ADLYN BATRISYIA BINTI MOHD HAFIZAL,641 -,-,-,-,-,-,-,-,-,-,-
AMIRUL ALIF BIN AZMAN,608 AMI,-,-,2021,89,-,-,-,-,-,-
JASMAN AHMAD,305.235 JAS,MAJU MAS,-,-,36,9789833836161,-,-,-,-,-
JASIMAN BIN AHMAD,333.7 JAS,JADE GREEN,-,-,42,9789839293654,-,-,-,-,-
JASMIN BIN AHMAD,333 JAS,JADE GREEN,-,-,42,9789839293647,-,-,-,-,-
DANIYAL KADIR,899.233 DAN,DUBOOK,-,-,207,-,-,-,-,-,-
ARIEFF SALLEH ROSMAN,297 ARI,PTS,-,-,149,9799833585044,-,-,-,-,-
ABDUL GHALIB AHMAD ISA,297 ABD,AL HIDAYAH,-,-,185,9789830990897,-,-,-,-,-
GEORGE LEONARD,499.28 GEO,THINKERS LIBRARY,-,-,120,9789676902559,-,-,-,-,-
ABDUL AZIZ ISMAIL,899 ABD,AL HIDAYAH,-,-,193,9789839188141,-,-,-,-,-
SYED MAHADZHIR SYED IBRAHIM,909.049 SYE,HIJJAZ RECORDS PUBLISHING,MALAYSIA,2023,254,9789672278627,-,-,-,-,-
SYED MAHADZIR SYED IBRAHIM,909.049 SYE,HIJJAZ RECORDS PUBLISHING,MALAYSIA,2023,266,9789672278733,-,-,-,-,-
SYED MAHADZHIR SYED IBRAHIM,909.049 SYE,HIJJAZ RECORDS PUBLISHING,MALAYSIA,2023,297,9789672278726,-,-,-,-,-
ROSMAWATI ABD WAHAB,004 ROS,SYNERGY MEDIA,KUALA LUMPUR,-,136,9789831976951,-,-,-,-,-
FARAH SHAKIRA BINTI MOHD RIZAL,650 FAR,-,-,2023,28,-,-,-,-,-,-
HILAL ASYRAF,899.233 HIL,HILAL ASYRAF RESOURCES,-,2023,450,9789672208099,-,-,-,-,-
ROSANI HIPLEE,899.233 ROS,ITBN,KUALA LUMPUR,2014,127,9789674304270,-,-,-,-,-
NEIL MORRIS,613.2 NEI,ITBN,KUALA LUMPUR,2016,56,9789670892474,-,-,-,-,-
IBRAHIM AL-JAMAL,290 IBR,SYNERGY MEDIA,-,-,199,9789673716579,-,-,-,-,-
AMIR HAJI HASSAN,297.5 AMI,ITBM,-,-,302,9789674300401,-,-,-,-,-
PETER KHOO,511 PET,PNI NEURON,-,-,200,9789831939727,-,-,-,-,-
JOHN WATSON,420 JOH,PNI NEURON,-,-,120,9789673511778,-,-,-,-,-
JOHN WATSON,420 JOH,PNI NEURON,-,-,88,9789673513291,-,-,-,-,-
ISKANDAR AB RASHID,005.430 ISK,"VENTON PUBLISHING (M
)SDN BHD",SELANGOR,2007,148,9789833526680,-,-,-,-,-
KHAIRUL AMIR,681 KHA,SIRI MEDIA INTERAKTIF ANDROID & KOMPUTER,-,-,104,-,-,-,-,-,-
KHAIRUL AMIR,681 KHA,-,-,-,-,-,-,-,-,-,-
HANIS ADAWIYAH MOHD ISMAIL,650 HAN,-,-,2019,58,-,-,-,-,-,-
ARIFF LOKMAN,650 ARI,-,-,2019,62,-,-,-,-,-,-
NURZAIDATUL FAIZZIN BINTI MD FIADMUI,650 NUR,-,-,2024,50,-,-,-,-,-,-
NURUL AFIQAH BINTI MUHAMMAD AZHAR,650 NUR,-,-,2024,43,-,-,-,-,-,-
ZURINA OTHMAN,499.23 ZUR,IDEA KREATIF,-,-,60,9789833628278,-,-,-,-,-
NURUL NADIA AHMAD,899.232 NUR,PENAPRO,-,-,44,9789833272099,-,-,-,-,-
MD. ZAIRUL,332 MD.,LEBAR AKAR RESOURCES,-,2023,32,9789672443476,-,-,-,-,-
MOHD SYAHRUL HANAFI,499.23 MOH,E1 PUBLICATION,-,-,44,9789675169205,-,-,-,-,-
AMIRUL AMIN,499.23 AMI,PUSTAKA RUBIAH,-,-,60,9789675087325,-,-,-,-,-
ANA BALQIS,899.233 ANA,ALAF DUA PULU SATU SENDIRIAN BERHAD,-,-,494,9789831244098,-,-,-,-,-
AMER HAJI MATSOM,899 AME,PUSTAKA MURNI,-,-,143,9789830783185,-,-,-,-,-
ROSNAH MOHAMAD,371.4 ROS,SEJATI,-,-,51,9789831541692,-,-,-,-,-
SYED MAHADZIR SYED IBRAHIM,499.28 SYE,PCT SDB BHD,-,-,120,9789832472520,-,-,-,-,-
S. HASHIM AHMAD,923 S.,GIG TECHNOLOGY HOLDINGS SDN BHD,-,-,193,9789834236311,-,-,-,-,-
KASSIM AHMAD,920 KAS,ZI PUBLICATIONS SDN BHD,SELANGOR,2008,243,9789834352110,-,-,-,-,-
MOHD SYAHRUL HANAFI,297.3 MOH,HARTAMAS,-,-,55,-,-,-,-,-,-
KINGS INFORMATION,005.800 KIN,"KWEI INFORMATION (M
)SDN BHD",KUALA LUMPUR,2004,268,9789861253251,-,-,-,-,-
SILVIA MOLINA,863 SIL,INSTITUSI TERJEMAHAN NEGARA MALASYIA,-,-,111,9789830684000,-,-,-,-,-
MUHAMMAD ISLAIL YUSANTO,297 MUH,SYNERGY MEDIA,-,-,259,9789673710157,-,-,-,-,-
MUHAMMAD ISMAIL YUSANTO,499 MUH,-,-,-,-,9789673710157,-,-,-,-,-
BRYAN COOMBS,371.02 BRY,INSTITUSI TERJEMAHAN NEGARA MALAYSIA,-,-,107,9789830683324,-,-,-,-,-
BRYAN COOMBS,371.1 BRY,"INSTITUT TERJEMAHAN NEGARA MALAYSIA
BERHAD",-,2010,107,9789830683324,-,-,-,-,-
AININ JURIAH MOHD DISA,650.100 AIN,-,-,2019,60,-,-,-,-,-,-
AINUL KAMIL IEZLAN ABD WAHIB,650.100 AIN,-,-,2019,60,-,-,-,-,-,-
DR. ABDUL WAFA TAFTAZANI,297.4 DR.,THINKERS LIBRARY,-,-,112,9789676900371,-,-,-,-,-
DR NAJAH,290 DR,SYNERGY MEDIA,-,-,216,9789673714872,-,-,-,-,-
DR. NAJAH,290 DR.,SYNERGY MEDIA,-,-,184,9789673714889,-,-,-,-,-
SITI ROHAYA ATAN,899.233 AMA,CREATIVE ENTERPRISE,-,-,355,-,-,-,-,-,-
EMRAN AHMAD,297 EMR,PTS MILLENNIA,-,-,129,9789674111489,-,-,-,-,-
IDAYU MOHD RAHIM,499.23 IDA,E1 PUBLICATION,-,-,44,9789675169182,-,-,-,-,-
FARAH ELEENA AHMAD MAHDZAN,155.900 FAR,UTUSAN PUBLICATIONS & DISTRIBUTORS SDN BHD,-,2008,91,9789676121134,-,-,-,-,-
JOHN WEST-BURNHAM,371.2 JOH,INSTITUSI TERJEMAHAN NEGARA MALAYSIA,-,-,276,9789830681436,-,-,-,-,-
JOHN WEST-BURNHAM,371.2 JOH,INSTITUSI TERJEMAHAN NEGARA MALAYSIA,-,-,230,9789830683379,-,-,-,-,-
ABDUL AZIZ ISMAIL,297.2 ABD,PROGRESSIVE PUBLISHING HOUSE,-,-,227,9789839736991,-,-,-,-,-
FAIRUZANAN KAMSO,005.75 FAI,"VENTON PUBLISHING (M
)SDN BHD",SELANGOR,2007,302,9789675065026,-,-,-,-,-
ROHAYA MAT ZIN,364.4 ROH,RIMBUNAN ILMU,-,-,67,9789833426102,-,-,-,-,-
UMAR MUHAMMAD NOOR,290 UMA,TELAGA BIRU,MALAYSIA,2013,98,9789673881178,-,-,-,-,-
DR. K . GHAZALI,155 DR.,TIGA ROS TRADING SDN BHD,MALAYSIA,-,112,9789670951522,-,-,-,-,-
NASRULNIZAMWATI MOHAMED,320 NAS,PCT,-,-,44,9789833577408,-,-,-,-,-
MUHAMAD ISMAIL AHMAD,499.28 MUH,SEMARAK MURNI,-,-,84,9789675158339,-,-,-,-,-
NUL ALL FATIHAH SEZANI,650.100 NUL,-,-,2019,52,-,-,-,-,-,-
NURIN SYARAH ALLISYA BINTI AZNI,641 -,-,-,-,57,-,-,-,-,-,-
MUHAMMAD AQIL NAZRI,650 MUH,-,-,2019,66,-,-,-,-,-,-
NURNABIHAH NAJAH ROSLI,650 NUR,-,-,2019,65,-,-,-,-,-,-
IZZATUN NUR NAJWA ZAINAL,650.100 IZZ,-,-,2019,59,-,-,-,-,-,-
YONG CHWAN FWU,899.233 YON,ITBN,KUALA LUMPUR,2017,272,9789674603373,-,-,-,-,-
DR. MOHAMMAD ROADHI,899 DR.,-,-,-,334,-,-,-,-,-,-
ROBIAH K. HAMZAH,899.233 ROB,PTS,-,-,137,9789832311768,-,-,-,-,-
SYAHIDA SALIMAN,FM SYA,EDITION PLUS SDN. BHD.,-,-,94,9789675031038,-,-,-,-,-
MOHD IZUYAM,499.28 MOH,SYNERGY MEDIA,-,-,105,9789673711420,-,-,-,-,-
MUHAMMAD IQBAL HAKIMI BIN AHMAD JAMIL,641 -,-,-,-,45,-,-,-,-,-,-
AIN NABILA  BINTI ZAMRI,641 -,-,-,-,51,-,-,-,-,-,-
NUR DINI AIYANI BINTI ZAINI SAFAREN,641 NUR,-,-,2021,68,-,-,-,-,-,-
MUHAMMAD IZZAT OTHMAN,650 MUH,-,-,2019,53,-,-,-,-,-,-
SITI ZAHARAH ABDUL WAHAB,650 SIT,-,-,2019,53,-,-,-,-,-,-
AHMAD DARWIS BIN AMANSHAH HASANI,641 AHM,-,-,2021,67,-,-,-,-,-,-
MUHAMMAD HUZAIFAH BIN MOHAMMAD ADLI,641 -,-,-,-,51,-,-,-,-,-,-
NURUL AIN NAJWA BINTI MOHAMAD ISA,641 -,-,-,-,-,-,-,-,-,-,-
MAISARAH BINTI MADZLIN,641 MAI,-,-,2021,73,-,-,-,-,-,-
DANIAL PUTERA ILYASA BIN SHAMSUL ADLI,641 DAN,-,-,2021,88,-,-,-,-,-,-
SITI HAJAR MD.NOR,650 SIT,-,-,2019,69,-,-,-,-,-,-
UMI FATIN NAJLA BINTI SAHRUM,641 UMI,-,-,2021,81,-,-,-,-,-,-
NURZAFIRAH AIDA YUSRA BINTI SHAHRUL,641 NUR,-,-,-,-,-,-,-,-,-,-
LINA NAFISAH BINTI KAMARZAMAN,641 LIN,-,-,2021,72,-,-,-,-,-,-
MOHAMMAD AMIRUL HAKIMI BIN MOHAMMAD JAFAR,641 -,-,-,-,42,-,-,-,-,-,-
UMMI NADHIRAH RAZALI,650 UMM,-,-,2019,53,-,-,-,-,-,-
FASYA NURIZATI KAMARUDIN,650 FAS,-,-,2019,43,-,-,-,-,-,-
MUHAMMAD ALIF ISLAM ZULKIFLI,650 MUH,-,-,2019,47,-,-,-,-,-,-
MUHAMMAD IMRAN SYAZWAN BIN MOHD SHAMSURI,641 -,-,-,-,42,-,-,-,-,-,-
NUR HAMIZAH BINTI ISMAIL,641 -,-,-,-,-,-,-,-,-,-,-
NAZRATUL IZZAH BINTI MOHAMAD NGISA,641 -,-,-,-,44,-,-,-,-,-,-
LUQMAN HAKIM BIN MOHAMAD NASIR,641 LUQ,-,-,2021,62,-,-,-,-,-,-
NUR SYAFIQA BINTI ROSLAN AFFANDI,641 NUR,-,-,2021,80,-,-,-,-,-,-
AHMAD IKMAL HADI BIN MOHD AFFANDI,641 -,-,-,-,60,-,-,-,-,-,-
IZYAN NURNABIHAH BINTI MOHD EZMAN,641 -,-,-,-,48,-,-,-,-,-,-
MUHAMMAD ARIF MOHD NAZRI,650 MUH,-,-,2019,75,-,-,-,-,-,-
NUR ASYIRANI BINTI ZAMSHARI,641 -,-,-,-,39,-,-,-,-,-,-
MUHAMAD HAIKAL BIN DALMIZA,641 -,-,-,-,-,-,-,-,-,-,-
NUR AFIQAH AUNI BINTI MOHD AZMI,641 -,-,-,-,51,-,-,-,-,-,-
AMIR HAKIMI ARIFFIN MAHIDI,650 AMI,-,-,2019,58,-,-,-,-,-,-
NUR LAILATUL QADRINA HAJRIN,650 NUR,-,-,2019,52,-,-,-,-,-,-
NUR ANIS AMIRA ROSLI,650 NUR,-,-,2019,59,-,-,-,-,-,-
MUHAMMAD IDZWAN HAFIZ ELMI HUZAINI,650 MUH,-,-,2019,53,-,-,-,-,-,-
NUR DIANA SFI AIYANI MOHD NASIR,650 NUR,-,-,2019,75,-,-,-,-,-,-
SITI NUR AMALIA SABRI,650 SIT,-,-,2019,53,-,-,-,-,-,-
MUHAMMAD AL AIMAN SHAMSUL BUHARI,650 MUH,-,-,2019,44,-,-,-,-,-,-
NUR INSYIRAH CHE MOHD MARZUKI,650 NUR,-,-,2019,47,-,-,-,-,-,-
ABDUL HADI MOHD JAINUDIN,650 ABD,-,-,2019,58,-,-,-,-,-,-
MUHAMMAD HAZIQ MOHD NAFIAH,650 MUH,-,-,2019,56,-,-,-,-,-,-
AINA NOORA MARISSA MOHD ABD RANI,650 AIN,-,-,2019,59,-,-,-,-,-,-
MAIDATUL AKMA NORYUSRE,650 MAI,-,-,2019,53,-,-,-,-,-,-
NUR NISA AMNANI MOHD AZHAN,650 NUR,-,-,2019,63,-,-,-,-,-,-
NUR AMIRA BINTI ABDUL RAHMAN,641 -,-,-,-,-,-,-,-,-,-,-
NUR ALIAH BINTI HISHAMUDDIN,641 -,-,-,-,-,-,-,-,-,-,-
NURADLINA BINTI SUKADIS,641 -,-,-,-,56,-,-,-,-,-,-
MUHAMMAD FAIZUDDIN BIN FAIRUZ,641 -,-,-,-,45,-,-,-,-,-,-
SITI NURHAZWANI ZAMRI,650 SIT,-,-,2019,50,-,-,-,-,-,-
ALYA SYAKIRAH BINTI IBRAHIM,641 -,-,-,-,46,-,-,-,-,-,-
JARIS SYAHMI SYARAFUDIN MOHAMAD SAMIN,650 JAR,-,-,2019,45,-,-,-,-,-,-
NUR ALIYA JASMINE BINTI ABDULLAH,641 -,-,-,2020,39,-,-,-,-,-,-
NURZULAIKHA BINTI MAIDIN,641 -,-,-,-,50,-,-,-,-,-,-
PUTERI SYAZA NAJIHAH HAMDAN,650 PUT,-,-,2019,70,-,-,-,-,-,-
DIYANA JAPRI,650.100 DIY,-,-,2019,45,-,-,-,-,-,-
,,,,,,,-,-,-,-,-
NUR ATHIRAH NORDIN,650.100 NUR,-,-,2019,33,-,-,-,-,-,-
MUHAMAD AZRI EIMAN MUHAMAD HASWAR,650.100 MUH,-,-,2019,58,-,-,-,-,-,-
MUHAMMAD AMMAR YUSOFF,650.100 MUH,-,-,2019,36,-,-,-,-,-,-
NUR SYA SYA KHAIRULNIZAM,650.100 NUR,-,-,2019,50,-,-,-,-,-,-
